upstream,downstream,downstream_j,pop,lwr,upr,samp
0,0,DS Juv = 0,108566195.5,36406388.9,208883187.65,1433
0,0,DS Juv = 0.1,106405401.5,36907201.95,204136474.5,1477
0,0,DS Juv = 0.2,111281990.5,36964915.6,208122858.725,1490
0,0,DS Juv = 0.3,106823904,37582796.875,207392821.1,1475
0,0,DS Juv = 0.4,107256919,36299829.125,206566949.9,1499
0,0,DS Juv = 0.5,110897712,38998034.95,206707749.2,1495
0,0,DS Juv = 0.6,105157256.5,38459689.45,209482614.15,1451
0,0,DS Juv = 0.7,100290979.5,36271503.025,206981939.65,1441
0,0,DS Juv = 0.8,112376098.5,37859992,209135737.65,1469
0,0,DS Juv = 0.9,108859153,36792643.025,212493822.225,1477
0,0,DS Juv = 1,108342176,38086688.425,200662946.875,1485
0,0.1,DS Juv = 0,107396230,34989437.15,209313450.475,1453
0,0.1,DS Juv = 0.1,98812481,37884423.975,198717450,1518
0,0.1,DS Juv = 0.2,106347366.5,36180954.55,203266745.175,1500
0,0.1,DS Juv = 0.3,109924907.5,37728613.35,210134014.95,1500
0,0.1,DS Juv = 0.4,106764566.5,36646389.775,212666589.225,1485
0,0.1,DS Juv = 0.5,103797717,34892559.6,219306317,1452
0,0.1,DS Juv = 0.6,104414304.5,37317562.275,207218563.725,1466
0,0.1,DS Juv = 0.7,110557960,36309402.65,201400140.3,1523
0,0.1,DS Juv = 0.8,101557457.5,36726052.25,203981603.05,1476
0,0.1,DS Juv = 0.9,103819633,37440476.325,206972152.05,1484
0,0.1,DS Juv = 1,112323766.5,39316064.65,211978112.275,1494
0,0.2,DS Juv = 0,106862857,37152905.775,199751444.45,1506
0,0.2,DS Juv = 0.1,107570310,37647495.8,205790518.95,1451
0,0.2,DS Juv = 0.2,113653682.5,37915210.675,208343417.925,1507
0,0.2,DS Juv = 0.3,110102791,37301993.75,209053028.375,1515
0,0.2,DS Juv = 0.4,107288617.5,37962029.4,201775575.925,1480
0,0.2,DS Juv = 0.5,105455225,36789952.95,203968775.525,1460
0,0.2,DS Juv = 0.6,104694965,37598987.55,207774718.2,1525
0,0.2,DS Juv = 0.7,110908396.5,37724244.35,210710402.05,1490
0,0.2,DS Juv = 0.8,111768196.5,38159623.125,206488299.425,1547
0,0.2,DS Juv = 0.9,110646866.5,37915636,209176382.375,1529
0,0.2,DS Juv = 1,104156588.5,38174157,210090562.675,1480
0,0.3,DS Juv = 0,106279103.5,36600649.675,206803192.025,1479
0,0.3,DS Juv = 0.1,111581407.5,36800878.925,212099215.15,1556
0,0.3,DS Juv = 0.2,108931648,37655881.25,207637822.425,1496
0,0.3,DS Juv = 0.3,105226716,37897468.45,204924496.625,1467
0,0.3,DS Juv = 0.4,113175110.5,36197797.1,207024316.85,1552
0,0.3,DS Juv = 0.5,114567297.5,37903699.55,207627271.775,1478
0,0.3,DS Juv = 0.6,111247609.5,36433124,203240883.65,1542
0,0.3,DS Juv = 0.7,103547978,36352949.725,208670840.55,1504
0,0.3,DS Juv = 0.8,107149570,37299003.95,209774124.675,1526
0,0.3,DS Juv = 0.9,108241915,38311614.325,205532056.7,1558
0,0.3,DS Juv = 1,107900880,37286932.95,215680304.225,1480
0,0.4,DS Juv = 0,103890336,36735860.025,202690989.45,1521
0,0.4,DS Juv = 0.1,106340001,37242998.775,205556551.95,1481
0,0.4,DS Juv = 0.2,108775175.5,38549220.725,214387515.575,1593
0,0.4,DS Juv = 0.3,107415716.5,38361780.525,206843602.3,1526
0,0.4,DS Juv = 0.4,109620568.5,36742887.525,202961669.175,1522
0,0.4,DS Juv = 0.5,106945873.5,36503089.45,206609451.075,1515
0,0.4,DS Juv = 0.6,112032199,37809258.875,206604141.85,1514
0,0.4,DS Juv = 0.7,102422066,36868026.775,205134117.8,1477
0,0.4,DS Juv = 0.8,108354102.5,36078394.6,204342577.5,1495
0,0.4,DS Juv = 0.9,106244684.5,36967255.65,205462468.225,1543
0,0.4,DS Juv = 1,111768705,37061716.625,206124367.525,1518
0,0.5,DS Juv = 0,108965808.5,36720602.025,205512043.35,1496
0,0.5,DS Juv = 0.1,106732753,38902365.6,202445250.7,1576
0,0.5,DS Juv = 0.2,108095799.5,35999574.425,203054332.275,1459
0,0.5,DS Juv = 0.3,106894820.5,37373913.75,206180114.15,1511
0,0.5,DS Juv = 0.4,112816898.5,38927999.1,217881793.6,1488
0,0.5,DS Juv = 0.5,108036973.5,37421774.2,212607948.7,1503
0,0.5,DS Juv = 0.6,102932306.5,38255393.475,205677580.375,1447
0,0.5,DS Juv = 0.7,106455308,37067323.925,206189370.375,1532
0,0.5,DS Juv = 0.8,106787019.5,36580663.75,196367557.75,1360
0,0.5,DS Juv = 0.9,110217016,38698363.775,206009365.65,1491
0,0.5,DS Juv = 1,107493202,35412275.075,208853565.775,1498
0,0.6,DS Juv = 0,110451430.5,37387145,211980394.2,1551
0,0.6,DS Juv = 0.1,105977530,37412696.825,209729107.25,1462
0,0.6,DS Juv = 0.2,110257119.5,39291806.4,204836294.625,1460
0,0.6,DS Juv = 0.3,102669168.5,38068623.1,202194768.225,1480
0,0.6,DS Juv = 0.4,104607480,36797958.775,206078307.375,1584
0,0.6,DS Juv = 0.5,114740633,37995501.75,210873631.35,1487
0,0.6,DS Juv = 0.6,106198578,37824919.05,214054920.2,1490
0,0.6,DS Juv = 0.7,103895706,37232883.425,203084234.375,1478
0,0.6,DS Juv = 0.8,109279492,36601214.275,207769813.825,1451
0,0.6,DS Juv = 0.9,107869264,39112010.225,204304864.025,1484
0,0.6,DS Juv = 1,110273311,37626557.3,202602076.65,1484
0,0.7,DS Juv = 0,107020174.5,37980713.125,211336130.175,1525
0,0.7,DS Juv = 0.1,110470478.5,39448968.45,209080676.425,1462
0,0.7,DS Juv = 0.2,106149309.5,37419786.35,206672627.4,1523
0,0.7,DS Juv = 0.3,104993401,36834400.325,205326307.875,1418
0,0.7,DS Juv = 0.4,104515776,36606370.65,201390722.2,1511
0,0.7,DS Juv = 0.5,105736404.5,35573989.225,204516649.35,1576
0,0.7,DS Juv = 0.6,111883001,36913264.525,206343141.675,1475
0,0.7,DS Juv = 0.7,111481468,39456282.525,207318529.975,1539
0,0.7,DS Juv = 0.8,103346948,36489927.025,212245306.875,1542
0,0.7,DS Juv = 0.9,105975586.5,35828438.15,209823401.1,1555
0,0.7,DS Juv = 1,112647990,36074913.9,212900494.1,1574
0,0.8,DS Juv = 0,103485591.5,36529245.075,206455637.325,1550
0,0.8,DS Juv = 0.1,103875974.5,36961304.525,202383146.45,1460
0,0.8,DS Juv = 0.2,113397553,37037849.15,214992372.875,1505
0,0.8,DS Juv = 0.3,107200099,37216316.575,207672631.6,1534
0,0.8,DS Juv = 0.4,107899186,39634996.275,202433776.9,1459
0,0.8,DS Juv = 0.5,107300632.5,36449207.075,205027743.425,1491
0,0.8,DS Juv = 0.6,105595505.5,36981461.025,201979998.25,1507
0,0.8,DS Juv = 0.7,109264678.5,35998588.825,204419119.075,1529
0,0.8,DS Juv = 0.8,109348558.5,37197017.05,208575917.725,1593
0,0.8,DS Juv = 0.9,111915648.5,38390844.95,212568305.575,1463
0,0.8,DS Juv = 1,107959232,38196598.475,209907657.55,1522
0,0.9,DS Juv = 0,108243844,35533021.65,206473728.6,1550
0,0.9,DS Juv = 0.1,105183029.5,35948266.775,205967797.5,1551
0,0.9,DS Juv = 0.2,104179133,36453465.7,204417661.45,1445
0,0.9,DS Juv = 0.3,107799349,34748211.275,214932822.3,1531
0,0.9,DS Juv = 0.4,103449301,36300544.9,201518281.625,1506
0,0.9,DS Juv = 0.5,108969063,37575181.55,204530811.8,1498
0,0.9,DS Juv = 0.6,104628794.5,37328888,204045231.025,1525
0,0.9,DS Juv = 0.7,110443991,38296581.95,207876939.725,1467
0,0.9,DS Juv = 0.8,97868839,36100215.075,203855212.275,1553
0,0.9,DS Juv = 0.9,104503902,36959625.375,203298870,1494
0,0.9,DS Juv = 1,105413842.5,37581907.575,208890697.875,1475
0,1,DS Juv = 0,107571900.5,36789643.3,205485419.6,1488
0,1,DS Juv = 0.1,102635205,35920450.05,204898349.225,1447
0,1,DS Juv = 0.2,107048428.5,36708818.525,202339214.5,1520
0,1,DS Juv = 0.3,106376377.5,35707258.625,207076272.225,1474
0,1,DS Juv = 0.4,104174351.5,36360292.025,204454449.85,1482
0,1,DS Juv = 0.5,111124484,36883268,208124061.375,1460
0,1,DS Juv = 0.6,106503344.5,36020285.85,209183978.825,1464
0,1,DS Juv = 0.7,112520204.5,38395582.625,201481730.25,1516
0,1,DS Juv = 0.8,109266309,36217682.1,206955463.825,1442
0,1,DS Juv = 0.9,104271916.5,36783489.875,203927534.525,1508
0,1,DS Juv = 1,109527361,36177841.525,206547112.925,1498
0.1,0,DS Juv = 0,102028950,36146960.975,201724191.425,1506
0.1,0,DS Juv = 0.1,105787875,38198464.725,200041990.375,1527
0.1,0,DS Juv = 0.2,100460839,34927345.9,202459401.725,1491
0.1,0,DS Juv = 0.3,102869540,37402757.65,205761339,1503
0.1,0,DS Juv = 0.4,111553235.5,36989914.575,211878763.25,1446
0.1,0,DS Juv = 0.5,109106461.5,38043174.8,201440466.075,1450
0.1,0,DS Juv = 0.6,104785764,38702377.075,204041954.5,1490
0.1,0,DS Juv = 0.7,102050145,36512672.675,206866486.625,1521
0.1,0,DS Juv = 0.8,105972730.5,36605463.15,215255127.475,1468
0.1,0,DS Juv = 0.9,108928757.5,35449840.325,212583790.725,1481
0.1,0,DS Juv = 1,102093910,37384574,209333434.525,1465
0.1,0.1,DS Juv = 0,106773093.5,36021178.875,213825280.575,1529
0.1,0.1,DS Juv = 0.1,106517030,35902200.6,204989434.35,1513
0.1,0.1,DS Juv = 0.2,107963885,35378681.575,204184552.875,1542
0.1,0.1,DS Juv = 0.3,103428857,37060516.025,206423146.15,1476
0.1,0.1,DS Juv = 0.4,103386677.5,35173612.375,203338058.075,1500
0.1,0.1,DS Juv = 0.5,106323929.5,36458355.825,207433782.95,1508
0.1,0.1,DS Juv = 0.6,105746521,34985729.075,214205796.35,1489
0.1,0.1,DS Juv = 0.7,103259344.5,36896651.275,205290180.175,1487
0.1,0.1,DS Juv = 0.8,104613915,39022972.225,205086193.45,1439
0.1,0.1,DS Juv = 0.9,110401956,37226098.075,211808529,1515
0.1,0.1,DS Juv = 1,108030809.5,38277938.65,218019285.025,1469
0.1,0.2,DS Juv = 0,106694534.5,36053640.325,207333651.425,1515
0.1,0.2,DS Juv = 0.1,109740367,35661121.525,203644872.9,1524
0.1,0.2,DS Juv = 0.2,110137756,37567574.35,205997772.15,1506
0.1,0.2,DS Juv = 0.3,105251211.5,36574183.925,204976728.775,1563
0.1,0.2,DS Juv = 0.4,97032411,35790616.975,204782843.8,1484
0.1,0.2,DS Juv = 0.5,102477486.5,37285555.4,207003802.6,1475
0.1,0.2,DS Juv = 0.6,106519349,37775867.85,208155235.875,1428
0.1,0.2,DS Juv = 0.7,107830358,36135827.075,207758509.45,1591
0.1,0.2,DS Juv = 0.8,110716479.5,36107191.3,207359690.8,1460
0.1,0.2,DS Juv = 0.9,111525483.5,37652187.9,211350454.95,1461
0.1,0.2,DS Juv = 1,109341451.5,36983684.125,209441100.2,1569
0.1,0.3,DS Juv = 0,105472258.5,36717172.525,198179455.975,1478
0.1,0.3,DS Juv = 0.1,108985611.5,34597156.9,203296370.775,1477
0.1,0.3,DS Juv = 0.2,99316202,34889496.9,204058112.15,1482
0.1,0.3,DS Juv = 0.3,103869087,35951670.275,210744287.6,1523
0.1,0.3,DS Juv = 0.4,110230762.5,35695925.15,208459972.225,1464
0.1,0.3,DS Juv = 0.5,108295782,37470073.475,210233299.3,1581
0.1,0.3,DS Juv = 0.6,107408161.5,37057789.325,202227593.425,1462
0.1,0.3,DS Juv = 0.7,105280029,37242500.675,206485426.2,1546
0.1,0.3,DS Juv = 0.8,110884339.5,36106452.825,206074331.125,1503
0.1,0.3,DS Juv = 0.9,102174883.5,37655094.775,213314730.775,1543
0.1,0.3,DS Juv = 1,99320622,35863652.1,201615980.825,1533
0.1,0.4,DS Juv = 0,103035348,35482424.875,199222678.55,1460
0.1,0.4,DS Juv = 0.1,105841936,35997708.225,204481576,1470
0.1,0.4,DS Juv = 0.2,111805640,38807422.875,199208241.125,1488
0.1,0.4,DS Juv = 0.3,108662949.5,37572857.875,205638764.85,1509
0.1,0.4,DS Juv = 0.4,108125974.5,36009721.275,206634363.9,1516
0.1,0.4,DS Juv = 0.5,110235901.5,37347473.1,205222423.15,1445
0.1,0.4,DS Juv = 0.6,104383002,36849983.125,204838132.25,1493
0.1,0.4,DS Juv = 0.7,103736159.5,38149405.95,203451148.875,1454
0.1,0.4,DS Juv = 0.8,105595360,34787785.725,208841916.4,1499
0.1,0.4,DS Juv = 0.9,113088316,36515023.625,209919527.75,1501
0.1,0.4,DS Juv = 1,107015719.5,37401902.625,216559594.425,1582
0.1,0.5,DS Juv = 0,109213378.5,37272359.675,211429005.625,1550
0.1,0.5,DS Juv = 0.1,102751193.5,35594105.375,213726043.1,1512
0.1,0.5,DS Juv = 0.2,104876009,36218170.55,209868966.975,1481
0.1,0.5,DS Juv = 0.3,107049275,37730188.7,203399937.775,1517
0.1,0.5,DS Juv = 0.4,105625776.5,37422278.025,209028153.525,1489
0.1,0.5,DS Juv = 0.5,105601705,37664754.475,209911089.925,1459
0.1,0.5,DS Juv = 0.6,105598904,38417928.1,204010298,1490
0.1,0.5,DS Juv = 0.7,106833030,37738656.6,205938644.775,1515
0.1,0.5,DS Juv = 0.8,96957302,34656005.3,205836131.05,1550
0.1,0.5,DS Juv = 0.9,109914201,41336549.35,205816791.1,1490
0.1,0.5,DS Juv = 1,109094890.5,36521752.925,208284512.8,1479
0.1,0.6,DS Juv = 0,111082780,38178626.95,202664113.2,1481
0.1,0.6,DS Juv = 0.1,110507853,35859091,207537009.55,1448
0.1,0.6,DS Juv = 0.2,110015006.5,34974414.8,205607340.175,1462
0.1,0.6,DS Juv = 0.3,106136033,35890671.3,204092469.175,1501
0.1,0.6,DS Juv = 0.4,110291886.5,34304217.55,213230831.6,1474
0.1,0.6,DS Juv = 0.5,109473263.5,35882249.525,206012720.75,1520
0.1,0.6,DS Juv = 0.6,107401135.5,35637625.425,209637379.6,1568
0.1,0.6,DS Juv = 0.7,106670185,37934542.925,211182453.35,1485
0.1,0.6,DS Juv = 0.8,107587711.5,36342854.275,207883864,1486
0.1,0.6,DS Juv = 0.9,102357146.5,36525330.3,213528827.35,1457
0.1,0.6,DS Juv = 1,100257270.5,37777957.35,205254061.9,1473
0.1,0.7,DS Juv = 0,100865814,35963307.95,204191848.925,1494
0.1,0.7,DS Juv = 0.1,109077082,35529752.925,207076782.35,1512
0.1,0.7,DS Juv = 0.2,110370341.5,36174231.575,209423189.675,1607
0.1,0.7,DS Juv = 0.3,107844401.5,36028000.875,205054812.45,1602
0.1,0.7,DS Juv = 0.4,102734340.5,37298097.9,205820833.9,1588
0.1,0.7,DS Juv = 0.5,106818763,38091140.525,204616150.7,1545
0.1,0.7,DS Juv = 0.6,113307044,38765847.6,208178087.95,1533
0.1,0.7,DS Juv = 0.7,102121530.5,36992653.075,207177272.9,1498
0.1,0.7,DS Juv = 0.8,114593781.5,38134466.375,213801110.85,1511
0.1,0.7,DS Juv = 0.9,109442189.5,37792064.625,207197061.8,1516
0.1,0.7,DS Juv = 1,112096128.5,38659774.15,217682381.825,1464
0.1,0.8,DS Juv = 0,107653934.5,38960728.325,205580993.725,1533
0.1,0.8,DS Juv = 0.1,113742878.5,38340740.975,207203296.325,1485
0.1,0.8,DS Juv = 0.2,107285368.5,36814836.35,203865523.2,1482
0.1,0.8,DS Juv = 0.3,112173257,39679131.675,213136428.425,1517
0.1,0.8,DS Juv = 0.4,106985882,36596809.55,204986902.05,1524
0.1,0.8,DS Juv = 0.5,101426691,37409508.15,202811957.575,1489
0.1,0.8,DS Juv = 0.6,106859298,36197561.225,208042767.75,1567
0.1,0.8,DS Juv = 0.7,113569429,38466827.2,214950993.875,1493
0.1,0.8,DS Juv = 0.8,107948665.5,36876484.675,212939039.025,1522
0.1,0.8,DS Juv = 0.9,108871412,37569100.9,206331023.125,1426
0.1,0.8,DS Juv = 1,106135375,36768524.125,209607705.175,1525
0.1,0.9,DS Juv = 0,110963170.5,36202961.925,206925807.525,1480
0.1,0.9,DS Juv = 0.1,100369024.5,36830150.6,208431596.65,1494
0.1,0.9,DS Juv = 0.2,111958201.5,37643034.175,214061249.75,1462
0.1,0.9,DS Juv = 0.3,111077582.5,37981731.15,206637439.925,1549
0.1,0.9,DS Juv = 0.4,110380595,37349214.2,216644936.275,1427
0.1,0.9,DS Juv = 0.5,100929067,35625621.925,207276885.575,1477
0.1,0.9,DS Juv = 0.6,107598537.5,38266993.65,212716236,1469
0.1,0.9,DS Juv = 0.7,110626036,38346424.775,210293748.65,1504
0.1,0.9,DS Juv = 0.8,109223304.5,36966919.175,215177734.775,1515
0.1,0.9,DS Juv = 0.9,103509709.5,38359057.575,211578568.05,1452
0.1,0.9,DS Juv = 1,111982060.5,37193271.875,215554451.2,1589
0.1,1,DS Juv = 0,106574910,35430591.025,206024833.725,1453
0.1,1,DS Juv = 0.1,104831611.5,36143974.55,205928672.15,1464
0.1,1,DS Juv = 0.2,112329578,34784897.6,211731940.45,1479
0.1,1,DS Juv = 0.3,108624556,36977379.325,203964278.55,1524
0.1,1,DS Juv = 0.4,107778691.5,39126622.475,207605899.875,1499
0.1,1,DS Juv = 0.5,107136086.5,36626062.65,208796697.45,1442
0.1,1,DS Juv = 0.6,104067798.5,34728328.875,204319749.525,1552
0.1,1,DS Juv = 0.7,110204856.5,38718154,211063525.45,1471
0.1,1,DS Juv = 0.8,111671278,37826358.65,208980978.225,1474
0.1,1,DS Juv = 0.9,114364795,38958713.925,217893908.275,1484
0.1,1,DS Juv = 1,112518073.5,37100433.55,209217246.925,1412
0.2,0,DS Juv = 0,109758965.5,32944372.8,200348678.525,1485
0.2,0,DS Juv = 0.1,103860660,33548687.8,193543026.15,1484
0.2,0,DS Juv = 0.2,100922882.5,35906861.65,195330033.85,1536
0.2,0,DS Juv = 0.3,97299420,33753113.575,202561957.475,1551
0.2,0,DS Juv = 0.4,106028364,37675029.85,202444661.175,1504
0.2,0,DS Juv = 0.5,105856679,38780781.9,201605980.625,1525
0.2,0,DS Juv = 0.6,101765187.5,35611062.5,201813135.25,1488
0.2,0,DS Juv = 0.7,110258631,34722259.875,207762832.175,1428
0.2,0,DS Juv = 0.8,107174703.5,36942323.875,206936072.375,1551
0.2,0,DS Juv = 0.9,108681875.5,35434524.525,206264869.2,1501
0.2,0,DS Juv = 1,104850878,36002551.675,199739923.375,1578
0.2,0.1,DS Juv = 0,101858779,35803861.725,198008586.35,1440
0.2,0.1,DS Juv = 0.1,96711231,34406660.125,199024130.55,1504
0.2,0.1,DS Juv = 0.2,104316819.5,36540898.7,198861038.3,1485
0.2,0.1,DS Juv = 0.3,104440059.5,35268364.3,200733070.175,1540
0.2,0.1,DS Juv = 0.4,105703246.5,34216138.925,198903981.05,1514
0.2,0.1,DS Juv = 0.5,112189027.5,36285947.025,212612143.925,1565
0.2,0.1,DS Juv = 0.6,104324192,36595721.9,205037978.3,1488
0.2,0.1,DS Juv = 0.7,112017670,35964693.325,200548658.375,1452
0.2,0.1,DS Juv = 0.8,107138386.5,36174510.4,208321577.15,1519
0.2,0.1,DS Juv = 0.9,110198862,37911624.675,204621535.425,1477
0.2,0.1,DS Juv = 1,108582600,36681692.85,207570004.175,1533
0.2,0.2,DS Juv = 0,105604400.5,34849382.9,192397046.5,1494
0.2,0.2,DS Juv = 0.1,104264622.5,33862507.7,197353307.575,1541
0.2,0.2,DS Juv = 0.2,106338162.5,36756595.55,206412515.525,1524
0.2,0.2,DS Juv = 0.3,106910321,36166934.075,198794523.7,1523
0.2,0.2,DS Juv = 0.4,104453826,36967613.975,200726658.65,1537
0.2,0.2,DS Juv = 0.5,108447722,34994545.825,206648444.75,1505
0.2,0.2,DS Juv = 0.6,111872128.5,34034197.9,211996817.375,1533
0.2,0.2,DS Juv = 0.7,102765702.5,34839210.3,205061142.05,1482
0.2,0.2,DS Juv = 0.8,107793683.5,38008137.025,204782635,1485
0.2,0.2,DS Juv = 0.9,105441217.5,37743682.3,207545471.675,1526
0.2,0.2,DS Juv = 1,107074837.5,37064106.35,206523274,1546
0.2,0.3,DS Juv = 0,112976879.5,36138798.025,204724703.1,1506
0.2,0.3,DS Juv = 0.1,95320064.5,34640998.3,200883733.575,1519
0.2,0.3,DS Juv = 0.2,99743890.5,33571992.45,197069479.6,1523
0.2,0.3,DS Juv = 0.3,109219128,34912276.925,204650897.85,1522
0.2,0.3,DS Juv = 0.4,105067045.5,34454441.625,196813592.475,1447
0.2,0.3,DS Juv = 0.5,106392307.5,36465454.475,202783020.375,1529
0.2,0.3,DS Juv = 0.6,105364899.5,36261929.4,202833870.4,1511
0.2,0.3,DS Juv = 0.7,106673316.5,36265453.175,195455738.175,1504
0.2,0.3,DS Juv = 0.8,107711972,36734332.375,214337628.575,1548
0.2,0.3,DS Juv = 0.9,106826149.5,34783511.3,204589423.525,1466
0.2,0.3,DS Juv = 1,111463365,37832138.7,210211965.425,1537
0.2,0.4,DS Juv = 0,97243991.5,35427267.3,203539952.2,1517
0.2,0.4,DS Juv = 0.1,104456359.5,33482933.975,202187183,1476
0.2,0.4,DS Juv = 0.2,104312129.5,35699774.05,200094824.95,1506
0.2,0.4,DS Juv = 0.3,108683347.5,37258448,202736323.95,1511
0.2,0.4,DS Juv = 0.4,104477683,35586002.575,203217047.225,1454
0.2,0.4,DS Juv = 0.5,107551190,37426528.525,205730814.675,1564
0.2,0.4,DS Juv = 0.6,103274221.5,36559229.45,206170322.05,1467
0.2,0.4,DS Juv = 0.7,102586723.5,35159779.05,208282269.5,1568
0.2,0.4,DS Juv = 0.8,112024127.5,37216623.5,208103493.4,1528
0.2,0.4,DS Juv = 0.9,101294204,38233209,201587824.15,1558
0.2,0.4,DS Juv = 1,114647886.5,36579110.8,214596614.1,1469
0.2,0.5,DS Juv = 0,105630215,36070387.175,205962594.275,1490
0.2,0.5,DS Juv = 0.1,103562248.5,35757128.925,204893837.175,1541
0.2,0.5,DS Juv = 0.2,98432945.5,35919301.575,193932747.325,1532
0.2,0.5,DS Juv = 0.3,104966042.5,34949148.6,203278722.3,1553
0.2,0.5,DS Juv = 0.4,110049310,36999595.675,201768177.2,1557
0.2,0.5,DS Juv = 0.5,103872060,36986831.05,202479396.1,1504
0.2,0.5,DS Juv = 0.6,109043821,33184658.625,210031905.375,1608
0.2,0.5,DS Juv = 0.7,107931975,36787866.125,211058235.55,1507
0.2,0.5,DS Juv = 0.8,110821322.5,36166378.675,210752976.275,1497
0.2,0.5,DS Juv = 0.9,106825386,36373604.475,207108156.4,1629
0.2,0.5,DS Juv = 1,111310172.5,36863530.4,216556314.4,1453
0.2,0.6,DS Juv = 0,106719131.5,35824806.45,205349507.525,1579
0.2,0.6,DS Juv = 0.1,107480203,33548747.625,204366905.15,1529
0.2,0.6,DS Juv = 0.2,109468301.5,36166142.2,200236317.5,1483
0.2,0.6,DS Juv = 0.3,108397971,36333739,202261000.325,1543
0.2,0.6,DS Juv = 0.4,111904228,38223879.7,206414310.3,1454
0.2,0.6,DS Juv = 0.5,109875357.5,35088895.975,198580102.425,1485
0.2,0.6,DS Juv = 0.6,105048932,38065346.275,210162597.75,1475
0.2,0.6,DS Juv = 0.7,107698375.5,38223327.15,208983607.3,1465
0.2,0.6,DS Juv = 0.8,106176506,35818443.8,211455062.325,1473
0.2,0.6,DS Juv = 0.9,109628606,40952137.775,205822293.275,1539
0.2,0.6,DS Juv = 1,105764127,37105660.225,210023900.175,1519
0.2,0.7,DS Juv = 0,105971654.5,35494615.85,205481105.225,1506
0.2,0.7,DS Juv = 0.1,109106602,34709563.775,206657446.725,1406
0.2,0.7,DS Juv = 0.2,103052415.5,35856534.275,203491947.325,1510
0.2,0.7,DS Juv = 0.3,109351909,38289468.35,209722231.75,1463
0.2,0.7,DS Juv = 0.4,104826763.5,36081847.825,209722569.9,1510
0.2,0.7,DS Juv = 0.5,112109905,37075330.75,212987858.375,1557
0.2,0.7,DS Juv = 0.6,106974670.5,37145639.225,214936313.05,1577
0.2,0.7,DS Juv = 0.7,109483919,37966061.4,212161573.3,1485
0.2,0.7,DS Juv = 0.8,105255160,37415970.45,207351945.05,1484
0.2,0.7,DS Juv = 0.9,104409872,36289650.6,208186942.375,1535
0.2,0.7,DS Juv = 1,111258124,38059411,222084822.025,1460
0.2,0.8,DS Juv = 0,101930024,34475734.775,203955796.825,1548
0.2,0.8,DS Juv = 0.1,106604161.5,33438398.925,202798325.625,1495
0.2,0.8,DS Juv = 0.2,112661509.5,34618844.375,207814275.025,1481
0.2,0.8,DS Juv = 0.3,107993778.5,35199353.175,207958494.2,1538
0.2,0.8,DS Juv = 0.4,109434950,37186799.85,208510605.9,1509
0.2,0.8,DS Juv = 0.5,105351260.5,37930343.45,196536811.925,1472
0.2,0.8,DS Juv = 0.6,105431175.5,38878052.35,217435820.3,1479
0.2,0.8,DS Juv = 0.7,109084276.5,38069376.5,212947205.425,1490
0.2,0.8,DS Juv = 0.8,106472289,38357336.575,214289876.075,1497
0.2,0.8,DS Juv = 0.9,106229931.5,37997545.575,216419728.275,1487
0.2,0.8,DS Juv = 1,107994149,40578190.275,204808199.75,1446
0.2,0.9,DS Juv = 0,103880476,37467135,200353810.575,1503
0.2,0.9,DS Juv = 0.1,106450900.5,35502715.45,200212602.25,1524
0.2,0.9,DS Juv = 0.2,108100880,36075210.875,206774882.025,1498
0.2,0.9,DS Juv = 0.3,112528213,37899401.725,208805645.075,1484
0.2,0.9,DS Juv = 0.4,108885657.5,38408633.225,209125048.025,1430
0.2,0.9,DS Juv = 0.5,111630145,37734788.925,211507621.325,1531
0.2,0.9,DS Juv = 0.6,115390542,37889934.05,205637839.575,1432
0.2,0.9,DS Juv = 0.7,112676648.5,37628102.4,215766114.5,1572
0.2,0.9,DS Juv = 0.8,112980816,37670007.1,208537188.525,1523
0.2,0.9,DS Juv = 0.9,110902106.5,38462282.275,206154719.375,1465
0.2,0.9,DS Juv = 1,116577612,40869549.075,219740241.025,1492
0.2,1,DS Juv = 0,111482502.5,35760044.275,211070123.375,1566
0.2,1,DS Juv = 0.1,109509437,37595565.95,206860923.3,1507
0.2,1,DS Juv = 0.2,106470717,36363245.7,209550038.5,1613
0.2,1,DS Juv = 0.3,111639021,34658401.575,210234065.65,1527
0.2,1,DS Juv = 0.4,107799331,36397813.15,208826599.1,1498
0.2,1,DS Juv = 0.5,108736549.5,35620553.525,213123717.625,1477
0.2,1,DS Juv = 0.6,108160784.5,36669818.4,209454261.025,1449
0.2,1,DS Juv = 0.7,109983377.5,36395385.9,213316807.675,1536
0.2,1,DS Juv = 0.8,114357806,38548716.925,213197079.775,1513
0.2,1,DS Juv = 0.9,107624498,37456025.45,213580917.075,1532
0.2,1,DS Juv = 1,110569318,37891679.025,220812035.5,1501
0.3,0,DS Juv = 0,97650563,32171727.55,202593666.05,1590
0.3,0,DS Juv = 0.1,104841071.5,35133180.95,192735513.6,1550
0.3,0,DS Juv = 0.2,98165361.5,32028493.6,191302392.425,1498
0.3,0,DS Juv = 0.3,96674918,32345652.775,199762367.725,1496
0.3,0,DS Juv = 0.4,105769373.5,36842252.3,198215461,1443
0.3,0,DS Juv = 0.5,102350451.5,34662677.7,201985806.85,1518
0.3,0,DS Juv = 0.6,110562363.5,33675928.9,200122299.25,1474
0.3,0,DS Juv = 0.7,110703528,35845516.85,201330404.625,1507
0.3,0,DS Juv = 0.8,110086237,34312636.225,209824936.725,1535
0.3,0,DS Juv = 0.9,106583531,36249193.65,208683971.625,1529
0.3,0,DS Juv = 1,111348732.5,37845274.225,210163348.85,1538
0.3,0.1,DS Juv = 0,97573522,34572691.6,190963265.15,1467
0.3,0.1,DS Juv = 0.1,98926951.5,33662070.6,195922054.2,1520
0.3,0.1,DS Juv = 0.2,107449207,34284046.1,193568854.6,1445
0.3,0.1,DS Juv = 0.3,101105707,35392246.575,196279217.775,1386
0.3,0.1,DS Juv = 0.4,101659888.5,33519074.475,197924030.45,1535
0.3,0.1,DS Juv = 0.5,100801632.5,34494486.525,203710733.65,1492
0.3,0.1,DS Juv = 0.6,103347207,33554610.625,197973389.825,1508
0.3,0.1,DS Juv = 0.7,103932535.5,37020972.35,203555305.25,1525
0.3,0.1,DS Juv = 0.8,109228992.5,35824228.25,203588860.675,1502
0.3,0.1,DS Juv = 0.9,108773298.5,37039371.6,207276945.575,1461
0.3,0.1,DS Juv = 1,110774256.5,38226732.15,209831103.575,1582
0.3,0.2,DS Juv = 0,94562018.5,32712988.475,194739289.075,1502
0.3,0.2,DS Juv = 0.1,95314280,32221395.675,194714314.525,1498
0.3,0.2,DS Juv = 0.2,93596133.5,31440272.9,203346903.5,1420
0.3,0.2,DS Juv = 0.3,110705263,33450415.575,203358383.55,1526
0.3,0.2,DS Juv = 0.4,100194710.5,33867355.475,197624904.525,1513
0.3,0.2,DS Juv = 0.5,95849202.5,34915042.65,205388551.025,1530
0.3,0.2,DS Juv = 0.6,104982159,35449898.175,205325947.725,1472
0.3,0.2,DS Juv = 0.7,109800214,34850549.825,206831347.625,1457
0.3,0.2,DS Juv = 0.8,106930913,36247987.25,206283704.375,1523
0.3,0.2,DS Juv = 0.9,114320566.5,38628905.6,211349828.85,1563
0.3,0.2,DS Juv = 1,107641507,38153022.925,212617238.975,1505
0.3,0.3,DS Juv = 0,98124025,33318446.875,199531161.675,1508
0.3,0.3,DS Juv = 0.1,100530082.5,31799512.475,199234530.4,1462
0.3,0.3,DS Juv = 0.2,96535529,31744816.375,198115849.15,1533
0.3,0.3,DS Juv = 0.3,101764703.5,33926639.225,196257107.425,1431
0.3,0.3,DS Juv = 0.4,106352170,32610986.125,204482489.675,1520
0.3,0.3,DS Juv = 0.5,105358230,35041383.425,209647620.725,1541
0.3,0.3,DS Juv = 0.6,107173289.5,36824779.35,201551851.15,1515
0.3,0.3,DS Juv = 0.7,111009374.5,37859220.1,214108472.925,1485
0.3,0.3,DS Juv = 0.8,105123137.5,34969542.25,209173121.075,1481
0.3,0.3,DS Juv = 0.9,109192520.5,37042754.875,213046806.55,1526
0.3,0.3,DS Juv = 1,102070774.5,36584461.85,211022214.525,1530
0.3,0.4,DS Juv = 0,99177915,32781978.65,198658401.3,1471
0.3,0.4,DS Juv = 0.1,101200597.5,34758497.5,201108808.775,1506
0.3,0.4,DS Juv = 0.2,106893105.5,37000530.475,198704341.475,1475
0.3,0.4,DS Juv = 0.3,107254479.5,34659556.575,206258501.35,1523
0.3,0.4,DS Juv = 0.4,110979556.5,36868261.2,212389822.45,1524
0.3,0.4,DS Juv = 0.5,102923701,34333187.825,195195312.5,1479
0.3,0.4,DS Juv = 0.6,106664563,37011904.9,206059547.95,1568
0.3,0.4,DS Juv = 0.7,108541517,36521057.1,215022072.225,1453
0.3,0.4,DS Juv = 0.8,104970476,36585441.6,207076112.125,1599
0.3,0.4,DS Juv = 0.9,106571286.5,38447023.675,202473473.725,1471
0.3,0.4,DS Juv = 1,111596424.5,38081372.45,222037578.325,1536
0.3,0.5,DS Juv = 0,105888282,36991815,202280864.55,1528
0.3,0.5,DS Juv = 0.1,102002957,36461915.125,203347868.4,1484
0.3,0.5,DS Juv = 0.2,113359273,33779607.525,203132774.775,1460
0.3,0.5,DS Juv = 0.3,99612829.5,35982996.15,207111180.325,1502
0.3,0.5,DS Juv = 0.4,103799218,36133989.1,206446001.05,1513
0.3,0.5,DS Juv = 0.5,109284737.5,35275497.85,202028401.175,1531
0.3,0.5,DS Juv = 0.6,107946053.5,36565849.55,209974534.225,1503
0.3,0.5,DS Juv = 0.7,111626653,36838234.6,212573173.625,1542
0.3,0.5,DS Juv = 0.8,109938153,36494374.8,213357823.525,1489
0.3,0.5,DS Juv = 0.9,110634476.5,38532378.3,210762010.15,1493
0.3,0.5,DS Juv = 1,115110040.5,37834210.825,224490485,1521
0.3,0.6,DS Juv = 0,104382970,34354652.575,198594432.75,1440
0.3,0.6,DS Juv = 0.1,101258952,35295394.125,203601188.725,1496
0.3,0.6,DS Juv = 0.2,108363289,37345067.8,208893263.05,1462
0.3,0.6,DS Juv = 0.3,106493355.5,34044978.25,198404049.425,1486
0.3,0.6,DS Juv = 0.4,106872497,36611173.125,202132180.95,1473
0.3,0.6,DS Juv = 0.5,108519674.5,37162324.225,205993062.55,1535
0.3,0.6,DS Juv = 0.6,106043640,35776817.525,210379535,1481
0.3,0.6,DS Juv = 0.7,113189659,38451751.05,207444161.875,1506
0.3,0.6,DS Juv = 0.8,110317557,37230015.575,214743775.4,1460
0.3,0.6,DS Juv = 0.9,106168042.5,37550280,212604401.125,1530
0.3,0.6,DS Juv = 1,114181191.5,38344411.125,217572225.1,1560
0.3,0.7,DS Juv = 0,105727339.5,33286575.7,204763587.625,1431
0.3,0.7,DS Juv = 0.1,101135542,36612820.25,205334347.975,1460
0.3,0.7,DS Juv = 0.2,101798902,34036172.675,201247738.625,1538
0.3,0.7,DS Juv = 0.3,107686098.5,35646841,206081475.25,1466
0.3,0.7,DS Juv = 0.4,107471152,36363957.3,207805681.125,1502
0.3,0.7,DS Juv = 0.5,106219713,37932707.775,208258594.95,1517
0.3,0.7,DS Juv = 0.6,108916153.5,36095620.55,205973028.125,1414
0.3,0.7,DS Juv = 0.7,103973535,37107831.075,212677248.9,1528
0.3,0.7,DS Juv = 0.8,115698532,38663331.5,216017920.6,1520
0.3,0.7,DS Juv = 0.9,113062890.5,38009576.9,218325444.05,1584
0.3,0.7,DS Juv = 1,115337819.5,37869459.125,226294831.025,1515
0.3,0.8,DS Juv = 0,103616314,35277574.275,209350894.875,1472
0.3,0.8,DS Juv = 0.1,103108129.5,35429917.7,206220147.425,1558
0.3,0.8,DS Juv = 0.2,100890372.5,34489448.8,198831420.65,1503
0.3,0.8,DS Juv = 0.3,107212612,34674450.675,201177289.825,1489
0.3,0.8,DS Juv = 0.4,117956433,37729759.575,210340895.35,1458
0.3,0.8,DS Juv = 0.5,110628966.5,38562884.85,214725245.175,1471
0.3,0.8,DS Juv = 0.6,114391582.5,39061661.225,212125822.75,1480
0.3,0.8,DS Juv = 0.7,113232120,37130069.4,212868220.95,1510
0.3,0.8,DS Juv = 0.8,115914698,38026253.925,218711136.725,1493
0.3,0.8,DS Juv = 0.9,116217619,37610872.15,217914009.325,1501
0.3,0.8,DS Juv = 1,113267358.5,38778763.175,216269436.375,1513
0.3,0.9,DS Juv = 0,102134892,36445509.9,200381022.65,1557
0.3,0.9,DS Juv = 0.1,107599591.5,35565759.825,210076565.775,1533
0.3,0.9,DS Juv = 0.2,104995560.5,35866156.775,197393122.4,1517
0.3,0.9,DS Juv = 0.3,112858725.5,38436944.475,214390796.175,1497
0.3,0.9,DS Juv = 0.4,104051361,35909890.425,211174395.9,1478
0.3,0.9,DS Juv = 0.5,113876266,35728093.175,210847412.275,1566
0.3,0.9,DS Juv = 0.6,110404037,36648966.5,214096650.525,1550
0.3,0.9,DS Juv = 0.7,107373657.5,37727275.6,209101274.825,1489
0.3,0.9,DS Juv = 0.8,111680141.5,39416479.425,219080514.775,1539
0.3,0.9,DS Juv = 0.9,110456840.5,40761690.275,218957204.4,1492
0.3,0.9,DS Juv = 1,111102632.5,41765201.9,222872372.425,1513
0.3,1,DS Juv = 0,109515262.5,36938525.275,205612945.45,1482
0.3,1,DS Juv = 0.1,102346523,35827872.7,206294548.875,1456
0.3,1,DS Juv = 0.2,111716128,34802842.15,217447207.5,1471
0.3,1,DS Juv = 0.3,111389338,37872509.275,210753142.925,1471
0.3,1,DS Juv = 0.4,116362825,37619279.325,218167233.5,1414
0.3,1,DS Juv = 0.5,110240056.5,38456330.625,215121928.775,1491
0.3,1,DS Juv = 0.6,120644276.5,40072203.575,216868506.35,1517
0.3,1,DS Juv = 0.7,110708247,37791468.175,216527587.375,1500
0.3,1,DS Juv = 0.8,119493156,38902473.875,224410563.525,1528
0.3,1,DS Juv = 0.9,113512329,37743216.9,223626583.85,1517
0.3,1,DS Juv = 1,116074161,42203646.3,226974192.25,1536
0.4,0,DS Juv = 0,99230901.5,30711539.9,194248017.175,1483
0.4,0,DS Juv = 0.1,93495412,31755010.85,189605642.9,1535
0.4,0,DS Juv = 0.2,98140892.5,32573707.275,200072476.225,1519
0.4,0,DS Juv = 0.3,97226531,32510409.6,188136944.375,1600
0.4,0,DS Juv = 0.4,97046616,33359030.775,194388447.3,1539
0.4,0,DS Juv = 0.5,104180035,32116013.475,196039839.75,1508
0.4,0,DS Juv = 0.6,102364236.5,32702571.2,199486186.4,1493
0.4,0,DS Juv = 0.7,105614255.5,34447758.075,211477120.15,1522
0.4,0,DS Juv = 0.8,107060360.5,35267944.05,211070547.075,1528
0.4,0,DS Juv = 0.9,106350499.5,36578148.05,203066522.5,1538
0.4,0,DS Juv = 1,112482216,36444243,216516600.75,1537
0.4,0.1,DS Juv = 0,101255263,30999621.425,194750504.7,1512
0.4,0.1,DS Juv = 0.1,99623129,30587418.7,196609968.25,1475
0.4,0.1,DS Juv = 0.2,97994594.5,31595716.4,188349537.3,1517
0.4,0.1,DS Juv = 0.3,102267679,32947417.75,196045343.05,1480
0.4,0.1,DS Juv = 0.4,98414117,33552693.975,203793182.525,1500
0.4,0.1,DS Juv = 0.5,99651278,31723105.75,195904420.575,1520
0.4,0.1,DS Juv = 0.6,107620192.5,34210385.975,208727563.5,1454
0.4,0.1,DS Juv = 0.7,108741860.5,36263346.175,202813784.275,1423
0.4,0.1,DS Juv = 0.8,106681281.5,36097146.2,206763288.175,1528
0.4,0.1,DS Juv = 0.9,107716738.5,36955528.35,212360679.175,1447
0.4,0.1,DS Juv = 1,113505699.5,36017437.475,211679725.35,1438
0.4,0.2,DS Juv = 0,100466247,31869697.775,186515571.825,1546
0.4,0.2,DS Juv = 0.1,96375150,31605491.075,190798603.2,1460
0.4,0.2,DS Juv = 0.2,98829024,33032755.875,191441079.225,1573
0.4,0.2,DS Juv = 0.3,101255435.5,33205314.375,196991915.4,1485
0.4,0.2,DS Juv = 0.4,105220067.5,33642592.2,197723918,1498
0.4,0.2,DS Juv = 0.5,102121208.5,33331001.075,197028550.25,1520
0.4,0.2,DS Juv = 0.6,108615719.5,35120804.075,196288816.65,1503
0.4,0.2,DS Juv = 0.7,96622349,34476290.925,204062008.65,1434
0.4,0.2,DS Juv = 0.8,110227055.5,38447721.75,215353420.075,1507
0.4,0.2,DS Juv = 0.9,112256283.5,38346341.225,214652772.725,1508
0.4,0.2,DS Juv = 1,112456555,36555996.6,216860323.6,1502
0.4,0.3,DS Juv = 0,96502341,30499606.175,194267260.6,1443
0.4,0.3,DS Juv = 0.1,94100669.5,31811885.8,192483484.95,1479
0.4,0.3,DS Juv = 0.2,102544203.5,31886944.85,196591920.575,1534
0.4,0.3,DS Juv = 0.3,101404025,32252433.225,198752319.6,1486
0.4,0.3,DS Juv = 0.4,96966516,33150793.675,196844632.425,1491
0.4,0.3,DS Juv = 0.5,102309379.5,34556210.35,205861260.25,1476
0.4,0.3,DS Juv = 0.6,106241489,33450891.15,196004757.45,1435
0.4,0.3,DS Juv = 0.7,104848531.5,35289916.875,206474565.925,1543
0.4,0.3,DS Juv = 0.8,108082331,35968976.05,212723802.15,1431
0.4,0.3,DS Juv = 0.9,111185142.5,37047249.7,202771928.55,1501
0.4,0.3,DS Juv = 1,104283989,39054461.275,210292653.225,1519
0.4,0.4,DS Juv = 0,100765862.5,30982582.35,195427089.85,1429
0.4,0.4,DS Juv = 0.1,103566654.5,34231143.025,197986861.925,1469
0.4,0.4,DS Juv = 0.2,96542534.5,32338209.325,190766857.5,1463
0.4,0.4,DS Juv = 0.3,100818371,34671666.275,199395473.75,1435
0.4,0.4,DS Juv = 0.4,105185743,33522454.75,198401206.5,1535
0.4,0.4,DS Juv = 0.5,105506434.5,33364466.55,200006169.675,1521
0.4,0.4,DS Juv = 0.6,108607598,34851987.9,207798195.525,1542
0.4,0.4,DS Juv = 0.7,106080015,36196365.3,215009830.8,1540
0.4,0.4,DS Juv = 0.8,100858926,35521302.8,203738877.5,1525
0.4,0.4,DS Juv = 0.9,111244027.5,37132262.125,218240531.525,1474
0.4,0.4,DS Juv = 1,111020727,35782156,217146559.05,1435
0.4,0.5,DS Juv = 0,102074500.5,32723231.475,197539203.275,1486
0.4,0.5,DS Juv = 0.1,111947788.5,34553743.7,196891993.175,1516
0.4,0.5,DS Juv = 0.2,97843853,34403642.7,200061123.5,1536
0.4,0.5,DS Juv = 0.3,98353581,31317397,200954675.45,1531
0.4,0.5,DS Juv = 0.4,109449862,34020550.85,206616863.975,1564
0.4,0.5,DS Juv = 0.5,109709737,34741117.375,199685868.625,1493
0.4,0.5,DS Juv = 0.6,107932795,34573364.875,211276770.325,1491
0.4,0.5,DS Juv = 0.7,111701375.5,38210292.8,207818368.225,1478
0.4,0.5,DS Juv = 0.8,110324569,36719371.575,208078845.575,1557
0.4,0.5,DS Juv = 0.9,110496839,38513349.175,217181728.375,1565
0.4,0.5,DS Juv = 1,114230510.5,37728218.275,222324847.2,1519
0.4,0.6,DS Juv = 0,99892922.5,30973512.8,195958020.35,1520
0.4,0.6,DS Juv = 0.1,98646356,33201537.025,197436370.375,1539
0.4,0.6,DS Juv = 0.2,96055856.5,33494192.775,195236474.075,1508
0.4,0.6,DS Juv = 0.3,107137639.5,35468322.475,193130401.95,1442
0.4,0.6,DS Juv = 0.4,104247573.5,33010586.95,206224255.5,1528
0.4,0.6,DS Juv = 0.5,108764971,36072570.95,210305994.9,1467
0.4,0.6,DS Juv = 0.6,98433694,35630815.075,201684726.15,1552
0.4,0.6,DS Juv = 0.7,113344075.5,35882516.925,215067130.2,1546
0.4,0.6,DS Juv = 0.8,107850395.5,37483157.05,213584689.525,1487
0.4,0.6,DS Juv = 0.9,112131764.5,39952668.325,222988761.1,1512
0.4,0.6,DS Juv = 1,120369419,37863248.25,230800006.125,1543
0.4,0.7,DS Juv = 0,102110442.5,34159572.25,206012294.2,1506
0.4,0.7,DS Juv = 0.1,106213870,34125067.65,210729679,1481
0.4,0.7,DS Juv = 0.2,105964663,33979692.625,199406717.85,1556
0.4,0.7,DS Juv = 0.3,106837402,35609134.7,203883013.35,1525
0.4,0.7,DS Juv = 0.4,106572419,34594811.825,209721074.8,1462
0.4,0.7,DS Juv = 0.5,95935753,34701557.125,202117634.85,1521
0.4,0.7,DS Juv = 0.6,109638186,36330574.75,211184679.675,1543
0.4,0.7,DS Juv = 0.7,112941660,35178399.9,219720799.2,1523
0.4,0.7,DS Juv = 0.8,114584511,38521173.725,218593693.5,1507
0.4,0.7,DS Juv = 0.9,117686697.5,37942119.475,218348226.675,1479
0.4,0.7,DS Juv = 1,111890789.5,40557810.275,225798349.325,1448
0.4,0.8,DS Juv = 0,100802319.5,32161135.075,198253850.825,1493
0.4,0.8,DS Juv = 0.1,107618285,33258671.425,205226673.75,1513
0.4,0.8,DS Juv = 0.2,97709870.5,33889128.3,212210919.625,1494
0.4,0.8,DS Juv = 0.3,106422246,35637478.325,208009645.1,1525
0.4,0.8,DS Juv = 0.4,107071249,36270857.7,216940401.525,1480
0.4,0.8,DS Juv = 0.5,104795038,36374456.5,211240786.875,1483
0.4,0.8,DS Juv = 0.6,107469579,35976777.1,218917954.025,1482
0.4,0.8,DS Juv = 0.7,114709317.5,38434673.425,220241413.425,1500
0.4,0.8,DS Juv = 0.8,116135607,39569031.6,218792164.8,1532
0.4,0.8,DS Juv = 0.9,121558829,39851505.425,224683650.075,1503
0.4,0.8,DS Juv = 1,118435279,39125701.225,233303260.625,1500
0.4,0.9,DS Juv = 0,105989686.5,33536435.15,208377543.9,1498
0.4,0.9,DS Juv = 0.1,108720157.5,34273709.375,201432846.6,1513
0.4,0.9,DS Juv = 0.2,102962590.5,35193114.925,205150756.95,1497
0.4,0.9,DS Juv = 0.3,111301459,37466653.15,209052124.725,1526
0.4,0.9,DS Juv = 0.4,108700963.5,34886449.3,208398514.9,1479
0.4,0.9,DS Juv = 0.5,100825930,36572385.175,209780378.875,1439
0.4,0.9,DS Juv = 0.6,110044624.5,36826669.575,217625163.75,1440
0.4,0.9,DS Juv = 0.7,112806999.5,39238303.85,225703251.35,1518
0.4,0.9,DS Juv = 0.8,109247080,38933751.075,221715341.1,1525
0.4,0.9,DS Juv = 0.9,115856500.5,40410664.05,225467416.85,1508
0.4,0.9,DS Juv = 1,120158785,41821303.75,230129319.95,1493
0.4,1,DS Juv = 0,110730121.5,37413939,204176719.325,1487
0.4,1,DS Juv = 0.1,110038931,35186625.875,210835775.45,1531
0.4,1,DS Juv = 0.2,109859922,35904725.9,209834648.425,1582
0.4,1,DS Juv = 0.3,110064501.5,37871828.025,212712968.5,1482
0.4,1,DS Juv = 0.4,107655953.5,36680160.775,218007036.375,1523
0.4,1,DS Juv = 0.5,108927971.5,37983664.375,206913474.875,1535
0.4,1,DS Juv = 0.6,118849371.5,39335469.775,224867856.675,1434
0.4,1,DS Juv = 0.7,111174426,38344489.05,224251628,1455
0.4,1,DS Juv = 0.8,109677653,38017990.125,224530135.1,1538
0.4,1,DS Juv = 0.9,119795094.5,40507517.25,227529314.225,1477
0.4,1,DS Juv = 1,123594843,40806063.325,231759197.2,1527
0.5,0,DS Juv = 0,88045305,27443297.75,178733573.425,1520
0.5,0,DS Juv = 0.1,97925741.5,29390520.875,197368222.875,1455
0.5,0,DS Juv = 0.2,98805469.5,30908074.425,186022691.4,1520
0.5,0,DS Juv = 0.3,99563138,30602985.25,194831926.375,1543
0.5,0,DS Juv = 0.4,98180810.5,30819949.55,196076784.275,1575
0.5,0,DS Juv = 0.5,96170132.5,32628550.775,197159701.575,1456
0.5,0,DS Juv = 0.6,102913625,31121092.925,201150878.125,1468
0.5,0,DS Juv = 0.7,104180248.5,33440185.725,204139718.15,1422
0.5,0,DS Juv = 0.8,105189508.5,34652682.3,204674533.85,1525
0.5,0,DS Juv = 0.9,109201294.5,32976147,207049762.2,1521
0.5,0,DS Juv = 1,108349015.5,38365311.725,215433950.75,1481
0.5,0.1,DS Juv = 0,91211694,30041013.075,181185542.8,1514
0.5,0.1,DS Juv = 0.1,91073306,28558526.575,194614149.35,1538
0.5,0.1,DS Juv = 0.2,94639344,31073167.5,192187140.325,1496
0.5,0.1,DS Juv = 0.3,96938626,32411084.975,192762738.625,1477
0.5,0.1,DS Juv = 0.4,95239235.5,29807341.625,193334863.025,1532
0.5,0.1,DS Juv = 0.5,98989496.5,33849365.775,195988934.05,1582
0.5,0.1,DS Juv = 0.6,100034958,33645848.225,206291665.225,1574
0.5,0.1,DS Juv = 0.7,107734075.5,36466944.975,197602957.675,1469
0.5,0.1,DS Juv = 0.8,110761781,37650503.9,208959813.65,1532
0.5,0.1,DS Juv = 0.9,107529649,35936610.775,210031100.3,1480
0.5,0.1,DS Juv = 1,110566573,37520522.375,214118664.725,1545
0.5,0.2,DS Juv = 0,96253312.5,27284881.75,183891976.05,1421
0.5,0.2,DS Juv = 0.1,100280135.5,30886840.85,190179066.65,1520
0.5,0.2,DS Juv = 0.2,98917662,31180689.6,192201743.05,1562
0.5,0.2,DS Juv = 0.3,97380704,30032709.65,190675664.75,1556
0.5,0.2,DS Juv = 0.4,94407071.5,31751744.35,190072019.8,1548
0.5,0.2,DS Juv = 0.5,103131523,34234429.775,196264658.2,1479
0.5,0.2,DS Juv = 0.6,101129246,32668605.925,200049185.625,1466
0.5,0.2,DS Juv = 0.7,108077754,35536157.075,208475313.95,1479
0.5,0.2,DS Juv = 0.8,111180625,35434619.775,213468046.425,1468
0.5,0.2,DS Juv = 0.9,115307561,36674574.95,219960545.625,1521
0.5,0.2,DS Juv = 1,112421607,38152237.85,217826369.65,1499
0.5,0.3,DS Juv = 0,95078251.5,30771718.8,184091418.425,1549
0.5,0.3,DS Juv = 0.1,96217205.5,31813581.8,182016169.8,1541
0.5,0.3,DS Juv = 0.2,100486710.5,33161770.75,196072578.45,1460
0.5,0.3,DS Juv = 0.3,103469027,33772500.125,186932535.975,1528
0.5,0.3,DS Juv = 0.4,94064545,31724310.425,198279617.95,1493
0.5,0.3,DS Juv = 0.5,103941440,34635288.1,202302612.725,1532
0.5,0.3,DS Juv = 0.6,107876781.5,33868538.675,206208043.275,1451
0.5,0.3,DS Juv = 0.7,102750223.5,33032966.225,204745096.175,1493
0.5,0.3,DS Juv = 0.8,106960601.5,35110589.625,219833448.05,1496
0.5,0.3,DS Juv = 0.9,114436920,38863199.125,221714287.425,1535
0.5,0.3,DS Juv = 1,115639395,38345385.4,222896762.675,1476
0.5,0.4,DS Juv = 0,99034325,32591841.05,186200412.825,1501
0.5,0.4,DS Juv = 0.1,97828276.5,31273895.525,193395529.875,1477
0.5,0.4,DS Juv = 0.2,98237425,33023116.275,193194610.3,1504
0.5,0.4,DS Juv = 0.3,99862432,31633093.35,194312000.15,1482
0.5,0.4,DS Juv = 0.4,105919100,32409491.425,205679830.275,1483
0.5,0.4,DS Juv = 0.5,104496369.5,32462412.525,196216053.15,1458
0.5,0.4,DS Juv = 0.6,107973275,34296393.025,205271711.15,1472
0.5,0.4,DS Juv = 0.7,107237409,35700172.775,208413109.2,1491
0.5,0.4,DS Juv = 0.8,105756987,35453348.025,213549969.75,1555
0.5,0.4,DS Juv = 0.9,113249392.5,38505641.35,221587492.375,1547
0.5,0.4,DS Juv = 1,122547167,39264981.8,221042072.75,1545
0.5,0.5,DS Juv = 0,101647745,30571938.225,196817645.875,1466
0.5,0.5,DS Juv = 0.1,98534159.5,30965808.75,191272634.4,1468
0.5,0.5,DS Juv = 0.2,96579685,30862072.45,197534415.375,1584
0.5,0.5,DS Juv = 0.3,99742583,32805431.6,200035753.15,1432
0.5,0.5,DS Juv = 0.4,105563943,32915508.3,199054882.225,1439
0.5,0.5,DS Juv = 0.5,103817082,34264607.2,209239299.05,1500
0.5,0.5,DS Juv = 0.6,109927922,36681448.875,206891984.675,1490
0.5,0.5,DS Juv = 0.7,112666855.5,35806496.525,210573618.25,1538
0.5,0.5,DS Juv = 0.8,112578015,38207220.925,215553852.925,1473
0.5,0.5,DS Juv = 0.9,116104599,38040120.5,217923761.9,1505
0.5,0.5,DS Juv = 1,109829711.5,38605475.075,224219960.525,1507
0.5,0.6,DS Juv = 0,99407341,31102136.9,194800490.3,1503
0.5,0.6,DS Juv = 0.1,98872874.5,29102011.225,203026272.9,1519
0.5,0.6,DS Juv = 0.2,103069684,31320091.75,192893970.125,1517
0.5,0.6,DS Juv = 0.3,102000496,32564042.775,200480520.9,1487
0.5,0.6,DS Juv = 0.4,103378274,35953013.175,198142175.3,1481
0.5,0.6,DS Juv = 0.5,110408367,33945710.575,212264155.375,1538
0.5,0.6,DS Juv = 0.6,105462108,36964554.075,217973942.375,1499
0.5,0.6,DS Juv = 0.7,108143301,37417618.9,206378009.625,1544
0.5,0.6,DS Juv = 0.8,107814403,40580265.925,211423543.25,1511
0.5,0.6,DS Juv = 0.9,111420729,36180358.5,222912110.45,1517
0.5,0.6,DS Juv = 1,120909212,40494320.475,227953425.925,1422
0.5,0.7,DS Juv = 0,96593043.5,30485889.35,201451990.9,1476
0.5,0.7,DS Juv = 0.1,103694410.5,32214676.9,195977936.15,1488
0.5,0.7,DS Juv = 0.2,102068740,32771162.3,197266462.325,1526
0.5,0.7,DS Juv = 0.3,105400163,35518805.6,201199937.075,1584
0.5,0.7,DS Juv = 0.4,100991176.5,32800930,201439030.55,1487
0.5,0.7,DS Juv = 0.5,109456660,35240594.6,208960735.875,1483
0.5,0.7,DS Juv = 0.6,110700627.5,35785707.1,210065654.525,1584
0.5,0.7,DS Juv = 0.7,114613632.5,38078713.1,221232915.125,1542
0.5,0.7,DS Juv = 0.8,119125088,37867392.25,214830597.675,1552
0.5,0.7,DS Juv = 0.9,117516769.5,39257362.4,222858573.75,1452
0.5,0.7,DS Juv = 1,121447543,38355075.725,236274230.525,1469
0.5,0.8,DS Juv = 0,104056944,32471324.525,196014914.125,1599
0.5,0.8,DS Juv = 0.1,104577151,33300619.05,204659594.25,1489
0.5,0.8,DS Juv = 0.2,103582608,36259421.35,203102710.65,1493
0.5,0.8,DS Juv = 0.3,105114336.5,33261469.975,205502507.325,1451
0.5,0.8,DS Juv = 0.4,111413743.5,37198881.25,210399033.675,1533
0.5,0.8,DS Juv = 0.5,109324975.5,34176683.05,212089926.175,1488
0.5,0.8,DS Juv = 0.6,110045346,39515000.825,210824642.875,1491
0.5,0.8,DS Juv = 0.7,114906945,38442837.025,225481493.35,1525
0.5,0.8,DS Juv = 0.8,119540415,39337372.225,224626760.15,1556
0.5,0.8,DS Juv = 0.9,118131366,40406634.525,233073581.225,1530
0.5,0.8,DS Juv = 1,119604927,42969746.05,239542360.4,1449
0.5,0.9,DS Juv = 0,107059825.5,36794314.95,204986262.4,1516
0.5,0.9,DS Juv = 0.1,105343416,35431209.75,207320489.825,1497
0.5,0.9,DS Juv = 0.2,101904631.5,32865127.35,205251262.525,1493
0.5,0.9,DS Juv = 0.3,110316843,36666578.175,212755303.55,1481
0.5,0.9,DS Juv = 0.4,112000908,38316880.325,210293946.05,1477
0.5,0.9,DS Juv = 0.5,110912786.5,39388265.675,218549905.925,1525
0.5,0.9,DS Juv = 0.6,108771786.5,38388558.2,211516073.725,1451
0.5,0.9,DS Juv = 0.7,113851947,40239520.7,219789984.175,1487
0.5,0.9,DS Juv = 0.8,112855233,38568308.075,221742911.125,1508
0.5,0.9,DS Juv = 0.9,122501553,41281175.425,238566334.925,1429
0.5,0.9,DS Juv = 1,123774754,41661424.75,238140607.25,1540
0.5,1,DS Juv = 0,100610321.5,34174540.4,204321344.45,1517
0.5,1,DS Juv = 0.1,107934704,34859807,202704816.975,1497
0.5,1,DS Juv = 0.2,104212812.5,33686453.825,218165489.7,1526
0.5,1,DS Juv = 0.3,107026881,37597612.425,214183950.95,1460
0.5,1,DS Juv = 0.4,105721994,37476493.625,218716044,1550
0.5,1,DS Juv = 0.5,109222830.5,39292016.1,221467218.75,1472
0.5,1,DS Juv = 0.6,115437270,40780502.475,223590097.1,1480
0.5,1,DS Juv = 0.7,120528584,42150982.4,231126196.05,1532
0.5,1,DS Juv = 0.8,120590581,42143250.05,231904271.15,1514
0.5,1,DS Juv = 0.9,119411812.5,42455138.6,243399093.825,1525
0.5,1,DS Juv = 1,115135946.5,43345730.3,253880108.025,1513
0.6,0,DS Juv = 0,93699050.5,27434167.45,182678028.525,1479
0.6,0,DS Juv = 0.1,94035063,28006406.65,182083034.175,1556
0.6,0,DS Juv = 0.2,92351597.5,29163438.375,186198318.425,1500
0.6,0,DS Juv = 0.3,92041794,29077314.625,179238885.975,1532
0.6,0,DS Juv = 0.4,102525930,29421252.725,193810032.5,1490
0.6,0,DS Juv = 0.5,100727913,31332440.575,189273027.475,1504
0.6,0,DS Juv = 0.6,101117128,30918227.125,193079737.5,1462
0.6,0,DS Juv = 0.7,101553135.5,33970495.075,199117970.15,1546
0.6,0,DS Juv = 0.8,102232478.5,33963835.925,207091709.45,1443
0.6,0,DS Juv = 0.9,107693146.5,36261898.925,212951247.7,1588
0.6,0,DS Juv = 1,116063671,37795972.925,222157874.4,1502
0.6,0.1,DS Juv = 0,91730170.5,26970381.35,177840804.825,1510
0.6,0.1,DS Juv = 0.1,84172955.5,30265742.375,177152357.7,1529
0.6,0.1,DS Juv = 0.2,94989194.5,30100147.725,184901026.45,1504
0.6,0.1,DS Juv = 0.3,92590524.5,28664577.45,186342759.7,1541
0.6,0.1,DS Juv = 0.4,94198325,30371150.7,194867976.85,1464
0.6,0.1,DS Juv = 0.5,93191323,32077105.4,193570985.875,1419
0.6,0.1,DS Juv = 0.6,93393850,30050399.7,199010412.125,1499
0.6,0.1,DS Juv = 0.7,99429196.5,34067574,199024457.2,1538
0.6,0.1,DS Juv = 0.8,105225667.5,34925099.65,200531825.925,1465
0.6,0.1,DS Juv = 0.9,110586006.5,35249199.625,214875716.4,1517
0.6,0.1,DS Juv = 1,111483015.5,36603323.45,226310463.95,1532
0.6,0.2,DS Juv = 0,92320839.5,28817046.7,182065864.925,1477
0.6,0.2,DS Juv = 0.1,90745442.5,27178805.5,176640606.3,1470
0.6,0.2,DS Juv = 0.2,97234428.5,27823279.5,187436002.3,1507
0.6,0.2,DS Juv = 0.3,97896551.5,30536875,190544916.75,1501
0.6,0.2,DS Juv = 0.4,92360964.5,30442606.625,187786138.625,1464
0.6,0.2,DS Juv = 0.5,108221770.5,33751829.55,190352937.95,1532
0.6,0.2,DS Juv = 0.6,99604347.5,34188542.5,207282890.55,1517
0.6,0.2,DS Juv = 0.7,103367483.5,34837245.925,205299896.5,1485
0.6,0.2,DS Juv = 0.8,101866897,35735939.975,211031227.075,1501
0.6,0.2,DS Juv = 0.9,114016680.5,36575050.425,221622424.4,1490
0.6,0.2,DS Juv = 1,113735399.5,37553019.2,226185395.775,1484
0.6,0.3,DS Juv = 0,90224309.5,26416335.95,177408515.775,1480
0.6,0.3,DS Juv = 0.1,95286479.5,31312359.475,181384623.675,1381
0.6,0.3,DS Juv = 0.2,89347428,30760873.8,186053300.825,1489
0.6,0.3,DS Juv = 0.3,100654936,31452673.5,193899280.8,1515
0.6,0.3,DS Juv = 0.4,98332206.5,30900206.725,190638137.625,1501
0.6,0.3,DS Juv = 0.5,106373182.5,31465768.525,203636984.85,1508
0.6,0.3,DS Juv = 0.6,103026557,33748395.1,205212249.475,1527
0.6,0.3,DS Juv = 0.7,109805917,34838251.05,215024823.175,1426
0.6,0.3,DS Juv = 0.8,110028248.5,37041724.125,217270269.725,1561
0.6,0.3,DS Juv = 0.9,116459260,39149692.15,218704483.85,1503
0.6,0.3,DS Juv = 1,112952935,37791748.85,224261598.425,1506
0.6,0.4,DS Juv = 0,90303413.5,29094396.35,179708315.475,1480
0.6,0.4,DS Juv = 0.1,99023207,29090614.625,188398616.875,1538
0.6,0.4,DS Juv = 0.2,102857347.5,32732127.025,189860911.825,1535
0.6,0.4,DS Juv = 0.3,99920472,30769416.825,193123136.675,1460
0.6,0.4,DS Juv = 0.4,99340897.5,32819635.225,196814748.55,1497
0.6,0.4,DS Juv = 0.5,104711093,31769488.9,196414525.025,1532
0.6,0.4,DS Juv = 0.6,106427740,32370209.775,206945225.95,1474
0.6,0.4,DS Juv = 0.7,104717607.5,32516494.125,207785420.825,1443
0.6,0.4,DS Juv = 0.8,106217212,35786830.7,210576527.55,1489
0.6,0.4,DS Juv = 0.9,110801862.5,38446399.65,217877176.625,1411
0.6,0.4,DS Juv = 1,120968361.5,38751217.35,229047386.175,1427
0.6,0.5,DS Juv = 0,93792563.5,28997838.025,179913685.9,1536
0.6,0.5,DS Juv = 0.1,92357649.5,28384181.825,191813808.025,1578
0.6,0.5,DS Juv = 0.2,99171347,30127904.75,190062049.45,1533
0.6,0.5,DS Juv = 0.3,97976746.5,30630637.825,200056977.925,1558
0.6,0.5,DS Juv = 0.4,99440602,33516324.375,196052820.1,1432
0.6,0.5,DS Juv = 0.5,100796577.5,34269946.05,200396682.925,1514
0.6,0.5,DS Juv = 0.6,105675045,35145250.225,209071149.5,1510
0.6,0.5,DS Juv = 0.7,109719298.5,36623593.45,214158714.1,1451
0.6,0.5,DS Juv = 0.8,115826729,36434923.55,220322090.35,1468
0.6,0.5,DS Juv = 0.9,116221245.5,38851569.2,221235120.625,1476
0.6,0.5,DS Juv = 1,118797046.5,39556327.075,227902390.15,1498
0.6,0.6,DS Juv = 0,100124466,31362290.625,185458346.1,1498
0.6,0.6,DS Juv = 0.1,96950214.5,32012518.025,191792170.4,1478
0.6,0.6,DS Juv = 0.2,101299701.5,31006558.875,196109956.775,1536
0.6,0.6,DS Juv = 0.3,106016544.5,29570229.05,196935224.9,1608
0.6,0.6,DS Juv = 0.4,98117186,32506333.375,200608871.325,1558
0.6,0.6,DS Juv = 0.5,108969358,32908280.9,206025607.4,1491
0.6,0.6,DS Juv = 0.6,104550880.5,36802706.85,207499379.8,1463
0.6,0.6,DS Juv = 0.7,110627366.5,34784588.8,209135412.525,1459
0.6,0.6,DS Juv = 0.8,117888897,37558569.5,222500082.825,1519
0.6,0.6,DS Juv = 0.9,116692003,39520437.125,225421319.525,1492
0.6,0.6,DS Juv = 1,116260521.5,41084843,234403224.15,1521
0.6,0.7,DS Juv = 0,96067112,30830614.725,191556069.375,1462
0.6,0.7,DS Juv = 0.1,95985596,31506475.775,199112165,1474
0.6,0.7,DS Juv = 0.2,105863485,32019412.4,192969720.85,1512
0.6,0.7,DS Juv = 0.3,100713931,32484912.725,201492110.925,1464
0.6,0.7,DS Juv = 0.4,103988337.5,32716796.275,205860710.7,1508
0.6,0.7,DS Juv = 0.5,110025513.5,34945741.95,213579834.4,1463
0.6,0.7,DS Juv = 0.6,110672511.5,35383048.125,209224473.625,1450
0.6,0.7,DS Juv = 0.7,113995182,37591954.5,217230080.075,1474
0.6,0.7,DS Juv = 0.8,115443398.5,39197239.4,226574720.9,1484
0.6,0.7,DS Juv = 0.9,118762358.5,43081296.325,228432336.55,1446
0.6,0.7,DS Juv = 1,123977400,41724099.55,243514064.85,1504
0.6,0.8,DS Juv = 0,95900665.5,32185286.2,195815758.9,1497
0.6,0.8,DS Juv = 0.1,101471616,32864555.475,195042589.275,1538
0.6,0.8,DS Juv = 0.2,107663452.5,33882565.7,197165076.675,1470
0.6,0.8,DS Juv = 0.3,105899744,33407682.225,202334149.175,1460
0.6,0.8,DS Juv = 0.4,106292598.5,34442566.1,205215354.875,1516
0.6,0.8,DS Juv = 0.5,115443532.5,37485132.075,213643599.575,1483
0.6,0.8,DS Juv = 0.6,109692741,34799829.075,214932252.025,1531
0.6,0.8,DS Juv = 0.7,117728844,38701383.375,224684742.2,1474
0.6,0.8,DS Juv = 0.8,120377922.5,41037907.95,229107482.625,1497
0.6,0.8,DS Juv = 0.9,125521385,43337320.55,240732569.5,1519
0.6,0.8,DS Juv = 1,129937024,41974620.475,247000056.4,1556
0.6,0.9,DS Juv = 0,98633513,33154239.375,195456144.275,1497
0.6,0.9,DS Juv = 0.1,97274615.5,30923024.475,205188342.05,1468
0.6,0.9,DS Juv = 0.2,102963707,35186966.775,199766292.4,1484
0.6,0.9,DS Juv = 0.3,104677712,33173997.475,208966762.1,1567
0.6,0.9,DS Juv = 0.4,106729740,33823451.15,209790099.875,1512
0.6,0.9,DS Juv = 0.5,111297229,36501653,217146374.175,1466
0.6,0.9,DS Juv = 0.6,116488724.5,39793150.475,222190307.875,1472
0.6,0.9,DS Juv = 0.7,116957191.5,38368456.5,230171455.475,1547
0.6,0.9,DS Juv = 0.8,118948683,40613971.8,236533924.4,1418
0.6,0.9,DS Juv = 0.9,124550632,41096940.35,241157706.35,1510
0.6,0.9,DS Juv = 1,126766719,46542965.4,259616799.575,1501
0.6,1,DS Juv = 0,99329030.5,31594971.95,208650759.525,1450
0.6,1,DS Juv = 0.1,110272928,33980360.825,207132996.675,1488
0.6,1,DS Juv = 0.2,102491925,33797602.825,206285269.975,1476
0.6,1,DS Juv = 0.3,112475558.5,35618430.325,209515710.075,1501
0.6,1,DS Juv = 0.4,112908763.5,37136426.5,220723311.075,1494
0.6,1,DS Juv = 0.5,108286846,36686481.925,223559267.275,1516
0.6,1,DS Juv = 0.6,117699369.5,38218160.7,235036531.675,1503
0.6,1,DS Juv = 0.7,124432213.5,42047134.175,238040442.575,1522
0.6,1,DS Juv = 0.8,129041274.5,43174242.35,248189072.975,1438
0.6,1,DS Juv = 0.9,131317450.5,43883570.625,256353995.425,1426
0.6,1,DS Juv = 1,137444929.5,47302649.875,260214822.6,1547
0.7,0,DS Juv = 0,90382814.5,25254037.125,169268314.7,1503
0.7,0,DS Juv = 0.1,89047732.5,24515971.35,177160676.55,1561
0.7,0,DS Juv = 0.2,87258194.5,26565789.575,177768711.45,1633
0.7,0,DS Juv = 0.3,87243178,25870928.3,181741874.95,1485
0.7,0,DS Juv = 0.4,95174074.5,28692468.7,190059970.4,1485
0.7,0,DS Juv = 0.5,93082641.5,28700227.9,192332090.325,1535
0.7,0,DS Juv = 0.6,94057912,31433579.725,193002669.175,1510
0.7,0,DS Juv = 0.7,104304445,31001465.475,199372147.175,1530
0.7,0,DS Juv = 0.8,110301193.5,32066912.9,206396165.6,1532
0.7,0,DS Juv = 0.9,107656131,32548535.475,214616180.675,1515
0.7,0,DS Juv = 1,115501481.5,39482663.95,228713015.85,1557
0.7,0.1,DS Juv = 0,88468073,26063027.975,175132181.4,1478
0.7,0.1,DS Juv = 0.1,85717513,24514917.225,179663426.4,1527
0.7,0.1,DS Juv = 0.2,90535121.5,26194949.475,182555588.4,1566
0.7,0.1,DS Juv = 0.3,92002414.5,26008227.175,184170849.675,1527
0.7,0.1,DS Juv = 0.4,94780098.5,28579243.925,189779130.7,1520
0.7,0.1,DS Juv = 0.5,103468465.5,30129346.475,191112455.975,1491
0.7,0.1,DS Juv = 0.6,104962681.5,32306575.75,203410827.95,1498
0.7,0.1,DS Juv = 0.7,95788972,31638447.225,201543643.175,1510
0.7,0.1,DS Juv = 0.8,106863486.5,33477882.1,213839980.225,1568
0.7,0.1,DS Juv = 0.9,114862727,38809940.525,220722743.2,1511
0.7,0.1,DS Juv = 1,120620249,41038836.35,224896225.375,1464
0.7,0.2,DS Juv = 0,89427100,26367690.825,171258966.875,1547
0.7,0.2,DS Juv = 0.1,89903034,26268389.6,179158009.125,1563
0.7,0.2,DS Juv = 0.2,86200860,26081023.45,180603555.525,1481
0.7,0.2,DS Juv = 0.3,95913015.5,28208246.65,179424156.75,1473
0.7,0.2,DS Juv = 0.4,92568046.5,29267522.7,185434461.45,1546
0.7,0.2,DS Juv = 0.5,100058425,29619943,198755510.875,1502
0.7,0.2,DS Juv = 0.6,100617827,28861896.75,195389805.175,1459
0.7,0.2,DS Juv = 0.7,103227309,34758431,204729798.725,1497
0.7,0.2,DS Juv = 0.8,109028705,34744157.1,208916648.2,1530
0.7,0.2,DS Juv = 0.9,116385548,36330858.75,230420488.2,1481
0.7,0.2,DS Juv = 1,124004200,39119063.225,237575174.15,1503
0.7,0.3,DS Juv = 0,85643609,24522504.75,176395415,1441
0.7,0.3,DS Juv = 0.1,93473563,27466081.325,181445150.575,1498
0.7,0.3,DS Juv = 0.2,92483824.5,27956009.65,184097128.575,1486
0.7,0.3,DS Juv = 0.3,96486980.5,30111627.575,184007983.175,1552
0.7,0.3,DS Juv = 0.4,102896462.5,30379136.225,195218637.175,1450
0.7,0.3,DS Juv = 0.5,102299831.5,31694853.825,196572421.6,1468
0.7,0.3,DS Juv = 0.6,100575071.5,33261272.9,199200675.675,1518
0.7,0.3,DS Juv = 0.7,101733411.5,32526117.15,219402885.375,1527
0.7,0.3,DS Juv = 0.8,113103178,36068243.425,215421464.4,1479
0.7,0.3,DS Juv = 0.9,117829558.5,37566510.55,226775396.65,1543
0.7,0.3,DS Juv = 1,121698087.5,40390440.225,233699962.75,1493
0.7,0.4,DS Juv = 0,94847459.5,26872546.55,183264974.8,1494
0.7,0.4,DS Juv = 0.1,92204472.5,28484584.1,187853756.65,1480
0.7,0.4,DS Juv = 0.2,94583967,28591289.7,182766884.6,1435
0.7,0.4,DS Juv = 0.3,99425835,30743569.725,187710788.675,1502
0.7,0.4,DS Juv = 0.4,98909231,28684293.525,193536586.8,1543
0.7,0.4,DS Juv = 0.5,96129387.5,29590367.15,197114487.45,1525
0.7,0.4,DS Juv = 0.6,106650332,31742365.25,203445850.275,1453
0.7,0.4,DS Juv = 0.7,111498391,32105180.575,214904499.65,1482
0.7,0.4,DS Juv = 0.8,111282540,34865424.875,215151416.475,1571
0.7,0.4,DS Juv = 0.9,115786919,38577351,222573528.525,1446
0.7,0.4,DS Juv = 1,122808869.5,39603204.45,241182728.85,1429
0.7,0.5,DS Juv = 0,90080475,28467064.675,181915917.65,1534
0.7,0.5,DS Juv = 0.1,97882464.5,28105323.125,188060927.625,1520
0.7,0.5,DS Juv = 0.2,93609015.5,28338297.325,189120290.35,1501
0.7,0.5,DS Juv = 0.3,99237354.5,30316077.725,197407015.95,1534
0.7,0.5,DS Juv = 0.4,98316213,31874122.8,201247638.6,1526
0.7,0.5,DS Juv = 0.5,99800658,32393844.6,208879295.125,1442
0.7,0.5,DS Juv = 0.6,108400879,32437281.575,206447809.575,1480
0.7,0.5,DS Juv = 0.7,109923625,35616360.325,212891105.575,1558
0.7,0.5,DS Juv = 0.8,113504818.5,37239043.75,216992840.75,1548
0.7,0.5,DS Juv = 0.9,119882015,39346832.95,234113301.825,1388
0.7,0.5,DS Juv = 1,126573368,40847369.525,246496694.5,1561
0.7,0.6,DS Juv = 0,88025116,26864671,187074847.7,1460
0.7,0.6,DS Juv = 0.1,97776480.5,28847335.175,191317160.675,1476
0.7,0.6,DS Juv = 0.2,96437675,30507344.45,192941177.275,1494
0.7,0.6,DS Juv = 0.3,103233029.5,30727385.725,195144479.325,1513
0.7,0.6,DS Juv = 0.4,101996532,32333829.95,195054740.675,1517
0.7,0.6,DS Juv = 0.5,103879704,30561993.7,202445721.475,1494
0.7,0.6,DS Juv = 0.6,107290564.5,34903365.95,211655336.125,1449
0.7,0.6,DS Juv = 0.7,108342030,35450613.15,214799480.175,1556
0.7,0.6,DS Juv = 0.8,117241125,35042211.95,227410568.2,1542
0.7,0.6,DS Juv = 0.9,120198500,37300898.425,233590445.475,1537
0.7,0.6,DS Juv = 1,134588746,41751027.5,248364303.025,1491
0.7,0.7,DS Juv = 0,92119248.5,27840932.45,185935326.075,1612
0.7,0.7,DS Juv = 0.1,100315254,28656310.85,192369959.15,1501
0.7,0.7,DS Juv = 0.2,96146677.5,29464431.45,192772999.575,1462
0.7,0.7,DS Juv = 0.3,100765732.5,31788252.425,197377252.475,1438
0.7,0.7,DS Juv = 0.4,104637065,33159464.525,204138712.575,1483
0.7,0.7,DS Juv = 0.5,102305102,34455952.5,205564988.85,1491
0.7,0.7,DS Juv = 0.6,112037964.5,34102318.7,216461282.825,1494
0.7,0.7,DS Juv = 0.7,112000280,38487313.15,220079940.325,1544
0.7,0.7,DS Juv = 0.8,122805538,39768902.95,230467996.9,1531
0.7,0.7,DS Juv = 0.9,120436295,38689461.75,236180570.25,1466
0.7,0.7,DS Juv = 1,132396751.5,45204287.775,249979754.925,1536
0.7,0.8,DS Juv = 0,96407180,31685614.275,187901799,1589
0.7,0.8,DS Juv = 0.1,102236158,30339008.375,202768107.825,1511
0.7,0.8,DS Juv = 0.2,104328404.5,32772367.85,199942999.8,1500
0.7,0.8,DS Juv = 0.3,101768062,32768105.05,210999043.325,1486
0.7,0.8,DS Juv = 0.4,105362791.5,33093351.375,206894919.35,1477
0.7,0.8,DS Juv = 0.5,110704104.5,33467021.525,218053208.8,1581
0.7,0.8,DS Juv = 0.6,116000690,37056398.5,217920864.525,1512
0.7,0.8,DS Juv = 0.7,117466865,38608618.2,222698247.225,1542
0.7,0.8,DS Juv = 0.8,123773184,40775102.7,235960908.025,1523
0.7,0.8,DS Juv = 0.9,126742744.5,42752601.95,256121920.95,1487
0.7,0.8,DS Juv = 1,129049068.5,46153430.775,262020328,1528
0.7,0.9,DS Juv = 0,98467994.5,27521862.3,199203065.275,1479
0.7,0.9,DS Juv = 0.1,102814526,32175024.05,200263527.8,1482
0.7,0.9,DS Juv = 0.2,101432395,32850148.05,209054336.875,1521
0.7,0.9,DS Juv = 0.3,106683007.5,29918405.575,216044239.375,1586
0.7,0.9,DS Juv = 0.4,105996831.5,33829849.8,218914138.925,1409
0.7,0.9,DS Juv = 0.5,110093348,36274696.675,217631221,1566
0.7,0.9,DS Juv = 0.6,120535749,35000243.225,233742224.225,1535
0.7,0.9,DS Juv = 0.7,113018891.5,40351193.675,237091552.1,1537
0.7,0.9,DS Juv = 0.8,121089899.5,39191405.1,240301714.4,1508
0.7,0.9,DS Juv = 0.9,133313205.5,44864429.175,260474980.525,1504
0.7,0.9,DS Juv = 1,144682706,48375082.575,266064566.675,1513
0.7,1,DS Juv = 0,99830391.5,32461514.7,203060334.525,1499
0.7,1,DS Juv = 0.1,104029969.5,34098410.525,206255880.675,1504
0.7,1,DS Juv = 0.2,105181364.5,35307067.65,207422666.875,1479
0.7,1,DS Juv = 0.3,111490297,33973709.3,214549168.275,1521
0.7,1,DS Juv = 0.4,114150145,37577326.5,221433907.425,1449
0.7,1,DS Juv = 0.5,107302033,37775986.325,228512537.225,1490
0.7,1,DS Juv = 0.6,120948399,41019731.7,235778288.125,1461
0.7,1,DS Juv = 0.7,117030597,40367173.7,242542470.325,1493
0.7,1,DS Juv = 0.8,131305973.5,42742023.05,256787867.55,1500
0.7,1,DS Juv = 0.9,135112247,45602115.8,275086445.875,1481
0.7,1,DS Juv = 1,140654787.5,51006025.55,277928912.6,1464
0.8,0,DS Juv = 0,81590015,22475932.125,171697235.65,1493
0.8,0,DS Juv = 0.1,88271864,24084739.225,168804379.475,1461
0.8,0,DS Juv = 0.2,84039145,24020685.575,174244385.8,1462
0.8,0,DS Juv = 0.3,90253178,25783338.075,176344931.05,1514
0.8,0,DS Juv = 0.4,93281686,26656863.225,185796723.075,1537
0.8,0,DS Juv = 0.5,97150014,28378030.8,186033309.05,1465
0.8,0,DS Juv = 0.6,95620774.5,29398838.225,192070326.75,1465
0.8,0,DS Juv = 0.7,101012465,30002179.125,203931040.75,1563
0.8,0,DS Juv = 0.8,97539958,30395428.65,198616526.4,1466
0.8,0,DS Juv = 0.9,114998808,37084244.225,223739415.7,1518
0.8,0,DS Juv = 1,124110054,37711768.675,239752113.475,1545
0.8,0.1,DS Juv = 0,83511584.5,25016215.55,166902950.65,1477
0.8,0.1,DS Juv = 0.1,82799785.5,23339468.125,171298078.725,1528
0.8,0.1,DS Juv = 0.2,88533330,24888855.35,172321401.6,1488
0.8,0.1,DS Juv = 0.3,93476783,25236301.05,174795135.65,1573
0.8,0.1,DS Juv = 0.4,96117743,28722607.075,189287514.825,1521
0.8,0.1,DS Juv = 0.5,96515136,28513627.9,188320795.6,1478
0.8,0.1,DS Juv = 0.6,100796920.5,29614836.375,192890104.825,1460
0.8,0.1,DS Juv = 0.7,101900970.5,29390817.325,199206644.575,1473
0.8,0.1,DS Juv = 0.8,106553188,32041704.75,211818297.975,1488
0.8,0.1,DS Juv = 0.9,113352631.5,36621033.9,223264238.575,1497
0.8,0.1,DS Juv = 1,121017685,39339671.05,233325270.075,1530
0.8,0.2,DS Juv = 0,82044863.5,22988201.9,175773895.55,1539
0.8,0.2,DS Juv = 0.1,88208752,24771653.825,177192324.875,1548
0.8,0.2,DS Juv = 0.2,90530754,26258527.65,181053317.45,1473
0.8,0.2,DS Juv = 0.3,85860387.5,26758804.35,181425708.1,1449
0.8,0.2,DS Juv = 0.4,90568301.5,28043966.8,184364807.325,1509
0.8,0.2,DS Juv = 0.5,93923488,27052536.55,190643887.375,1475
0.8,0.2,DS Juv = 0.6,97829630.5,29343594.275,195879676.225,1541
0.8,0.2,DS Juv = 0.7,104036410.5,31009185,201050341.65,1460
0.8,0.2,DS Juv = 0.8,112739692,34830777.35,215974895.05,1509
0.8,0.2,DS Juv = 0.9,119554174.5,35153851.15,224677301.4,1493
0.8,0.2,DS Juv = 1,122722392.5,41217621.625,244222880.95,1477
0.8,0.3,DS Juv = 0,81446672.5,26105138.925,175408842.225,1440
0.8,0.3,DS Juv = 0.1,90978758,26654711.225,177776454.85,1489
0.8,0.3,DS Juv = 0.2,92845851.5,26855864.35,179427959.225,1541
0.8,0.3,DS Juv = 0.3,93996878.5,26681981.25,181316761.175,1584
0.8,0.3,DS Juv = 0.4,95370756,26850894.075,190286070.525,1510
0.8,0.3,DS Juv = 0.5,98174479,30169911.1,196201700.825,1534
0.8,0.3,DS Juv = 0.6,97248496.5,27887331.4,198694329.4,1508
0.8,0.3,DS Juv = 0.7,115046562,33409567.725,214523524.675,1461
0.8,0.3,DS Juv = 0.8,105597765.5,33689354.65,218718689.4,1474
0.8,0.3,DS Juv = 0.9,122092204.5,37208830.825,223173224.625,1448
0.8,0.3,DS Juv = 1,125839458,40170241.8,251853164.275,1550
0.8,0.4,DS Juv = 0,86012873.5,24826009.3,176480992.5,1478
0.8,0.4,DS Juv = 0.1,89013161,27330890.925,169000654.7,1524
0.8,0.4,DS Juv = 0.2,89981175.5,28325463.925,178140320.2,1479
0.8,0.4,DS Juv = 0.3,89260481.5,26220170.65,180533779.325,1574
0.8,0.4,DS Juv = 0.4,95736708,26917948.15,192600171.3,1493
0.8,0.4,DS Juv = 0.5,103074468,28973656.275,192117729.75,1504
0.8,0.4,DS Juv = 0.6,100843942.5,31734490.775,194606305.225,1465
0.8,0.4,DS Juv = 0.7,107693993,31978304.975,210488271.225,1475
0.8,0.4,DS Juv = 0.8,119320568.5,35324191.325,224384885.425,1453
0.8,0.4,DS Juv = 0.9,121446865.5,38205270.075,247348299.575,1501
0.8,0.4,DS Juv = 1,131185254.5,40310150.4,246721320.175,1465
0.8,0.5,DS Juv = 0,89781341,28140341.45,183999560.525,1462
0.8,0.5,DS Juv = 0.1,91433952.5,26346410.9,180551161.7,1490
0.8,0.5,DS Juv = 0.2,93475388,29600872.35,190084665.225,1457
0.8,0.5,DS Juv = 0.3,93983235,29238436.55,188471535.225,1475
0.8,0.5,DS Juv = 0.4,102022988.5,29298501.425,193398241.85,1502
0.8,0.5,DS Juv = 0.5,101961125.5,32328064.55,203512061.975,1463
0.8,0.5,DS Juv = 0.6,102731792,30568867.3,203437442.625,1542
0.8,0.5,DS Juv = 0.7,107524938,35399348.3,221331371.15,1496
0.8,0.5,DS Juv = 0.8,111431137,36167819.075,229898679.525,1496
0.8,0.5,DS Juv = 0.9,124952930,38852109.275,238807242.1,1503
0.8,0.5,DS Juv = 1,123878641,39795312.875,256934862.15,1468
0.8,0.6,DS Juv = 0,90617903,27292068.15,188522915.8,1535
0.8,0.6,DS Juv = 0.1,95223516.5,27793871.025,181454298.9,1493
0.8,0.6,DS Juv = 0.2,96549993.5,27143603.05,187356822.375,1461
0.8,0.6,DS Juv = 0.3,100563641,30849426.65,189863538.45,1531
0.8,0.6,DS Juv = 0.4,100165346,29353391.875,197895431.65,1586
0.8,0.6,DS Juv = 0.5,100741320,30855844.05,200054106,1478
0.8,0.6,DS Juv = 0.6,105411910.5,31253716.6,206941315.725,1534
0.8,0.6,DS Juv = 0.7,111091221,34198019.675,216885723.1,1508
0.8,0.6,DS Juv = 0.8,119213993,37175234.35,229111447.925,1455
0.8,0.6,DS Juv = 0.9,119294851,39858773.9,246649298.125,1539
0.8,0.6,DS Juv = 1,133036802,43618733.275,260059437.75,1530
0.8,0.7,DS Juv = 0,97426500,27317751.8,189752245.55,1487
0.8,0.7,DS Juv = 0.1,93262897,29071529.525,182429935.6,1485
0.8,0.7,DS Juv = 0.2,96893807.5,27839463.275,192248480.4,1492
0.8,0.7,DS Juv = 0.3,98842214.5,30990806.825,199348455.55,1542
0.8,0.7,DS Juv = 0.4,100555383,30277235.475,198456960.425,1583
0.8,0.7,DS Juv = 0.5,109132730,32224580.425,204191495.625,1564
0.8,0.7,DS Juv = 0.6,106249685.5,33260494.875,215809827.7,1487
0.8,0.7,DS Juv = 0.7,115543250,35040589.75,215191911.45,1492
0.8,0.7,DS Juv = 0.8,115076761.5,36193587.85,241090415.975,1496
0.8,0.7,DS Juv = 0.9,130250530.5,42541544.925,245620959.55,1478
0.8,0.7,DS Juv = 1,134438916.5,45533569.55,266019470.1,1461
0.8,0.8,DS Juv = 0,95696971.5,28824555.05,185170906.375,1508
0.8,0.8,DS Juv = 0.1,92081532.5,28139959.7,183020466.325,1504
0.8,0.8,DS Juv = 0.2,103059930.5,30140592.975,190996804.05,1522
0.8,0.8,DS Juv = 0.3,107475417.5,32945325.15,206970959.625,1492
0.8,0.8,DS Juv = 0.4,109368770.5,31051938.9,206308486.65,1469
0.8,0.8,DS Juv = 0.5,108736148.5,32767965.4,211845978.025,1502
0.8,0.8,DS Juv = 0.6,103387213.5,34367449.5,225346602.075,1508
0.8,0.8,DS Juv = 0.7,118572271,37077298.775,229681078.925,1530
0.8,0.8,DS Juv = 0.8,124357420.5,41396735.65,240871703.35,1483
0.8,0.8,DS Juv = 0.9,132527178.5,42919745.55,262741302.125,1505
0.8,0.8,DS Juv = 1,146164014,47902200.6,277571887.1,1592
0.8,0.9,DS Juv = 0,99114515.5,26320202.85,197228504.6,1571
0.8,0.9,DS Juv = 0.1,101906477,30863088.2,202760501.025,1582
0.8,0.9,DS Juv = 0.2,104783266,31247345.95,200988450.925,1607
0.8,0.9,DS Juv = 0.3,101791678,31791831.5,210136786.525,1492
0.8,0.9,DS Juv = 0.4,104800029,32347486.35,210222085.425,1487
0.8,0.9,DS Juv = 0.5,115505701.5,34385488.225,218654753.15,1407
0.8,0.9,DS Juv = 0.6,121256591.5,36390299.975,231636601.575,1498
0.8,0.9,DS Juv = 0.7,114736773,35995909.05,235639461.35,1457
0.8,0.9,DS Juv = 0.8,136367007,44277599.825,257517643.775,1533
0.8,0.9,DS Juv = 0.9,145044006,46758667.625,270286870.525,1535
0.8,0.9,DS Juv = 1,157151930,53831218.025,290685008.8,1505
0.8,1,DS Juv = 0,105014176,31464642.1,201710463.875,1579
0.8,1,DS Juv = 0.1,103776887,32324136.4,204688166.15,1500
0.8,1,DS Juv = 0.2,104468351.5,34909224.475,209965594.75,1504
0.8,1,DS Juv = 0.3,108841353.5,32715606.9,215103902.875,1491
0.8,1,DS Juv = 0.4,108402090,34798953.7,225520168.975,1477
0.8,1,DS Juv = 0.5,118891901.5,37439838.625,232840150.2,1484
0.8,1,DS Juv = 0.6,128521235.5,40755757.125,243537605.325,1491
0.8,1,DS Juv = 0.7,129753177.5,41273358.5,250910936.3,1506
0.8,1,DS Juv = 0.8,137209673.5,46610834.2,271180292.625,1510
0.8,1,DS Juv = 0.9,157760509.5,50286500.55,294195952.25,1531
0.8,1,DS Juv = 1,157474670.5,54590141.475,310277803.65,1512
0.9,0,DS Juv = 0,79427402.5,23953699.05,158095483.4,1491
0.9,0,DS Juv = 0.1,76787748.5,22086083.2,164338455.175,1447
0.9,0,DS Juv = 0.2,82974266,25240611.9,169895605,1565
0.9,0,DS Juv = 0.3,82157913.5,23780928.525,178665094.1,1527
0.9,0,DS Juv = 0.4,90269521,23751125.675,174758390.1,1503
0.9,0,DS Juv = 0.5,90929040,26260660.75,185999845.225,1586
0.9,0,DS Juv = 0.6,99287856.5,29071471.075,199184611.875,1465
0.9,0,DS Juv = 0.7,96270912.5,29476923.575,205035755.175,1538
0.9,0,DS Juv = 0.8,109069335,30508077.775,214754866.275,1525
0.9,0,DS Juv = 0.9,117373530,34934062.225,223491132.7,1479
0.9,0,DS Juv = 1,132039627,40913484.925,252615052.9,1540
0.9,0.1,DS Juv = 0,81745770,23831039.45,162640217.35,1488
0.9,0.1,DS Juv = 0.1,81421267,22864784.225,166552759.775,1438
0.9,0.1,DS Juv = 0.2,85341560,23738929.45,167743567.725,1515
0.9,0.1,DS Juv = 0.3,89666118,24442884.1,170466178.275,1489
0.9,0.1,DS Juv = 0.4,93847534.5,26753061.25,184593608.15,1485
0.9,0.1,DS Juv = 0.5,96934472.5,25961917.625,188026562.375,1551
0.9,0.1,DS Juv = 0.6,96643196.5,29513218.625,195531474.125,1543
0.9,0.1,DS Juv = 0.7,105296382,28897384.175,203556852.35,1553
0.9,0.1,DS Juv = 0.8,106068047.5,31281222.85,214487886.175,1535
0.9,0.1,DS Juv = 0.9,112783669,34771041,231453573.925,1565
0.9,0.1,DS Juv = 1,131702741.5,41257972.85,257982679.625,1492
0.9,0.2,DS Juv = 0,81030099,22321694.2,163045576.95,1492
0.9,0.2,DS Juv = 0.1,84353453,24001150,165108495.025,1465
0.9,0.2,DS Juv = 0.2,89507182.5,23609377.125,176327447.65,1501
0.9,0.2,DS Juv = 0.3,86391151,24657662.725,178116812.4,1534
0.9,0.2,DS Juv = 0.4,97441014,26957179.15,184379527.025,1515
0.9,0.2,DS Juv = 0.5,95472904.5,26376220.55,184053470.325,1664
0.9,0.2,DS Juv = 0.6,102485395,28683405.8,197448051.45,1502
0.9,0.2,DS Juv = 0.7,103260630,30414775.625,207351269.15,1504
0.9,0.2,DS Juv = 0.8,108375853,31462331.75,211120857.625,1524
0.9,0.2,DS Juv = 0.9,127265886,35527526.275,237535511.825,1522
0.9,0.2,DS Juv = 1,132963668.5,39260760.525,262004563.05,1452
0.9,0.3,DS Juv = 0,87135881.5,23040968.025,165713856.875,1460
0.9,0.3,DS Juv = 0.1,87249826,23255049.8,167250319.975,1473
0.9,0.3,DS Juv = 0.2,88057467,24098553.6,181537863.45,1448
0.9,0.3,DS Juv = 0.3,88647146.5,27113966.45,176259639.75,1419
0.9,0.3,DS Juv = 0.4,87791673.5,23500144.2,185135751.45,1486
0.9,0.3,DS Juv = 0.5,95653925,27406150.975,185879376.125,1459
0.9,0.3,DS Juv = 0.6,98304866,28271125.2,194141929.05,1565
0.9,0.3,DS Juv = 0.7,103444103,32694622.25,218132517.35,1553
0.9,0.3,DS Juv = 0.8,112026298.5,31506212.625,220436232.575,1534
0.9,0.3,DS Juv = 0.9,128558824,36353649.425,239814433.8,1471
0.9,0.3,DS Juv = 1,138913529,41065518.65,260536322.65,1511
0.9,0.4,DS Juv = 0,82520977,23588174.9,164924357.4,1515
0.9,0.4,DS Juv = 0.1,88092396,23748325.45,172996025.55,1521
0.9,0.4,DS Juv = 0.2,90104602.5,24751938.375,178996636.1,1473
0.9,0.4,DS Juv = 0.3,87983546.5,24766959.5,177056609.575,1470
0.9,0.4,DS Juv = 0.4,89797983.5,27497323.5,183837046.35,1505
0.9,0.4,DS Juv = 0.5,104451487.5,29180318.575,201242693.65,1555
0.9,0.4,DS Juv = 0.6,98787031,28928823.6,199058627.775,1457
0.9,0.4,DS Juv = 0.7,108058583,31057414.425,221555519.175,1446
0.9,0.4,DS Juv = 0.8,114154000.5,33035883.15,224970683.9,1511
0.9,0.4,DS Juv = 0.9,122102397.5,35556697.8,243534415.925,1507
0.9,0.4,DS Juv = 1,138084946.5,43457103.85,263921559.9,1458
0.9,0.5,DS Juv = 0,89156390.5,21571397.1,170386877.45,1527
0.9,0.5,DS Juv = 0.1,88611736,25085801.925,173995616.45,1469
0.9,0.5,DS Juv = 0.2,86178791.5,24291103.875,178800833.775,1383
0.9,0.5,DS Juv = 0.3,91932748.5,24549562.9,189664760.425,1524
0.9,0.5,DS Juv = 0.4,95941069.5,26079130.525,195577207.075,1513
0.9,0.5,DS Juv = 0.5,97907776.5,27338170.475,201630483.05,1506
0.9,0.5,DS Juv = 0.6,103949367,29377995.375,208038214.2,1495
0.9,0.5,DS Juv = 0.7,110937200,29130560.2,211189445.7,1544
0.9,0.5,DS Juv = 0.8,108334792.5,31811716.2,222988435.425,1515
0.9,0.5,DS Juv = 0.9,121015983,35918914.225,253377771.75,1458
0.9,0.5,DS Juv = 1,139216168.5,46292882.125,271337692.35,1527
0.9,0.6,DS Juv = 0,86045361.5,24141806.875,174990319.8,1471
0.9,0.6,DS Juv = 0.1,85227514.5,24114436.15,182596808.75,1516
0.9,0.6,DS Juv = 0.2,93853388.5,27030249.9,185520285.15,1517
0.9,0.6,DS Juv = 0.3,96371011,27933193.825,185626304.4,1543
0.9,0.6,DS Juv = 0.4,101087478,28251362.525,196532841.375,1518
0.9,0.6,DS Juv = 0.5,103141646.5,29802205.575,206669579.675,1540
0.9,0.6,DS Juv = 0.6,103724141,31674209.15,207350226.55,1487
0.9,0.6,DS Juv = 0.7,109034399.5,32626041.9,220771399.6,1504
0.9,0.6,DS Juv = 0.8,118188978.5,36085584.35,233731686.075,1464
0.9,0.6,DS Juv = 0.9,131081988,37780077.525,248323978.8,1546
0.9,0.6,DS Juv = 1,140085674.5,44592646.9,275674248.075,1507
0.9,0.7,DS Juv = 0,81865139,23204593.8,179931167.9,1483
0.9,0.7,DS Juv = 0.1,98975071.5,26428988.825,180231088.025,1547
0.9,0.7,DS Juv = 0.2,100244615.5,28605454.7,195163475.75,1511
0.9,0.7,DS Juv = 0.3,98960454.5,26983987.3,186768855.25,1487
0.9,0.7,DS Juv = 0.4,99325357.5,30663871.575,203440510.425,1474
0.9,0.7,DS Juv = 0.5,106460289.5,30552051.45,203519681,1553
0.9,0.7,DS Juv = 0.6,108852712,29111772.725,212373614.875,1529
0.9,0.7,DS Juv = 0.7,115441807,37188306.6,229306028.3,1462
0.9,0.7,DS Juv = 0.8,118286915.5,34833124.375,244710156.125,1459
0.9,0.7,DS Juv = 0.9,132848416,41039688.625,260728144.35,1465
0.9,0.7,DS Juv = 1,144103246,48012691.65,281784541.175,1470
0.9,0.8,DS Juv = 0,93926245,26786346.825,183679698.4,1490
0.9,0.8,DS Juv = 0.1,92063808.5,26992362.5,181606879.6,1522
0.9,0.8,DS Juv = 0.2,97150600.5,28341985.75,192400454.85,1518
0.9,0.8,DS Juv = 0.3,98420272,28494722.7,205984411.825,1510
0.9,0.8,DS Juv = 0.4,98651930.5,27576556.75,204924337.825,1461
0.9,0.8,DS Juv = 0.5,109394286.5,33396534.375,211452367.2,1521
0.9,0.8,DS Juv = 0.6,107243943.5,35182359.25,218467646.025,1458
0.9,0.8,DS Juv = 0.7,122004231,36409115.675,230123970.65,1486
0.9,0.8,DS Juv = 0.8,127253074.5,36560017.575,253872262.575,1509
0.9,0.8,DS Juv = 0.9,143416880,44178171.4,276852609.3,1580
0.9,0.8,DS Juv = 1,156428164,51142428.225,301832914.45,1446
0.9,0.9,DS Juv = 0,97406854,25417711.325,193213349.925,1523
0.9,0.9,DS Juv = 0.1,92943771,26653697.775,193989442.35,1505
0.9,0.9,DS Juv = 0.2,101318515.5,27731752.175,196151012.925,1615
0.9,0.9,DS Juv = 0.3,111370347,34634247.95,215046374.85,1426
0.9,0.9,DS Juv = 0.4,106263496.5,31312464.725,210426689.875,1494
0.9,0.9,DS Juv = 0.5,114053509,34036033.05,221701145.325,1469
0.9,0.9,DS Juv = 0.6,121822133,35927930.75,228066083.725,1460
0.9,0.9,DS Juv = 0.7,125583453,39030018.75,247406961.925,1485
0.9,0.9,DS Juv = 0.8,134317369.5,40152502.65,267810880.575,1452
0.9,0.9,DS Juv = 0.9,146291050,46954976.375,278046342.175,1533
0.9,0.9,DS Juv = 1,165669145.5,55859406.1,320368261.85,1544
0.9,1,DS Juv = 0,100824280.5,27423964.85,202213397.1,1535
0.9,1,DS Juv = 0.1,96980115.5,30099339.45,205473725.45,1554
0.9,1,DS Juv = 0.2,110847641,31503131.125,205824843.525,1491
0.9,1,DS Juv = 0.3,109273682,30696434.6,230012094.75,1493
0.9,1,DS Juv = 0.4,113322771,34145492.625,218396786.475,1497
0.9,1,DS Juv = 0.5,119077984.5,36110085.4,235539620.725,1461
0.9,1,DS Juv = 0.6,118441161,37944303.4,247263314.4,1493
0.9,1,DS Juv = 0.7,136456323.5,43546784.625,265295666,1456
0.9,1,DS Juv = 0.8,144112486.5,45728920.5,285527501.45,1535
0.9,1,DS Juv = 0.9,161196911,53982558.8,302613479.35,1597
0.9,1,DS Juv = 1,184815412.5,63639962.5,346121122.625,1446
1,0,DS Juv = 0,77953848.5,20077402,155774402.275,1568
1,0,DS Juv = 0.1,83833575.5,23091605.675,163166710.625,1465
1,0,DS Juv = 0.2,82489989,23348547.6,164009244.8,1472
1,0,DS Juv = 0.3,83528219,22662410.6,163120739.85,1458
1,0,DS Juv = 0.4,86669538.5,24078895.125,175599104.725,1587
1,0,DS Juv = 0.5,87734447.5,23660688.55,178993067.4,1540
1,0,DS Juv = 0.6,95766126,25311612.35,188554765.875,1523
1,0,DS Juv = 0.7,96244741.5,26872047.8,196411046.275,1522
1,0,DS Juv = 0.8,105809548.5,29652531.45,222512917.725,1485
1,0,DS Juv = 0.9,116152803.5,34484690,242122337.925,1471
1,0,DS Juv = 1,138522163,40242347.075,274945018.1,1465
1,0.1,DS Juv = 0,76404558,20499464.575,160609427.525,1490
1,0.1,DS Juv = 0.1,75734522,20953961.775,157766984.175,1519
1,0.1,DS Juv = 0.2,79764278,20658693.475,164269827.85,1519
1,0.1,DS Juv = 0.3,85534854,21883411.325,171308225.35,1472
1,0.1,DS Juv = 0.4,90415634.5,24938937.75,173325936.7,1492
1,0.1,DS Juv = 0.5,95554355.5,22065654.875,190807894.1,1476
1,0.1,DS Juv = 0.6,99133138,26299409.9,186800329.225,1510
1,0.1,DS Juv = 0.7,106695254.5,26863357.825,211192124.925,1561
1,0.1,DS Juv = 0.8,116977983.5,31907061.775,228627325.375,1555
1,0.1,DS Juv = 0.9,113012074.5,34383935,247201319.625,1464
1,0.1,DS Juv = 1,138362538.5,45280876,272972120.075,1492
1,0.2,DS Juv = 0,73451343,19191507.875,153320185.2,1480
1,0.2,DS Juv = 0.1,76028065.5,20024434.925,162797620.35,1497
1,0.2,DS Juv = 0.2,79639552.5,23219733.1,162521454.175,1506
1,0.2,DS Juv = 0.3,81900882.5,22902000.575,175859423.75,1485
1,0.2,DS Juv = 0.4,82762420.5,22000515.75,172339747.4,1452
1,0.2,DS Juv = 0.5,88951013.5,24535637.375,186468184.45,1478
1,0.2,DS Juv = 0.6,94768757.5,26526123.225,190764224.525,1463
1,0.2,DS Juv = 0.7,105084191.5,28865565.525,210221041.8,1484
1,0.2,DS Juv = 0.8,112826187,32703930.05,222928413.325,1423
1,0.2,DS Juv = 0.9,125243963,32047226.95,245015495.55,1493
1,0.2,DS Juv = 1,142480624,43844917.275,279202644.55,1526
1,0.3,DS Juv = 0,76818445,21567820.325,160458427.975,1485
1,0.3,DS Juv = 0.1,76877322,18678662.625,161216811.4,1514
1,0.3,DS Juv = 0.2,81318707,21554286.45,169749792.375,1453
1,0.3,DS Juv = 0.3,79379744,21683564.45,175159693.175,1566
1,0.3,DS Juv = 0.4,88648023,24819829.55,180549019.55,1566
1,0.3,DS Juv = 0.5,96035004.5,25877133.85,186412109,1554
1,0.3,DS Juv = 0.6,99809898.5,26059878.8,194987357.925,1520
1,0.3,DS Juv = 0.7,102480843.5,29546796.025,201057077.175,1463
1,0.3,DS Juv = 0.8,119008893.5,31215322.55,237066416.175,1598
1,0.3,DS Juv = 0.9,131433268.5,35196908.125,251238240.65,1521
1,0.3,DS Juv = 1,146002175,43115241.775,276103666.15,1505
1,0.4,DS Juv = 0,75958352,20833350.475,167043499.7,1515
1,0.4,DS Juv = 0.1,85813869,22387175.6,171464727.475,1561
1,0.4,DS Juv = 0.2,80322375,23107767.1,172551978.5,1492
1,0.4,DS Juv = 0.3,88233738.5,23467381.625,175200596.975,1559
1,0.4,DS Juv = 0.4,91526100,25497013.425,186574417.05,1449
1,0.4,DS Juv = 0.5,95762737.5,27723152.225,185417599.475,1549
1,0.4,DS Juv = 0.6,106417149.5,27765062.9,202020266.425,1514
1,0.4,DS Juv = 0.7,109253046.5,30658694.75,214144495.85,1500
1,0.4,DS Juv = 0.8,121770062,33286036.125,227778888.875,1430
1,0.4,DS Juv = 0.9,135625477.5,36414825.325,257528421.6,1555
1,0.4,DS Juv = 1,149050583,45639058.025,290974365.825,1542
1,0.5,DS Juv = 0,80557342,20217555.95,171862571.625,1489
1,0.5,DS Juv = 0.1,85372060.5,23469972.925,171921192.525,1536
1,0.5,DS Juv = 0.2,83429513,23253347.2,180258058.05,1552
1,0.5,DS Juv = 0.3,90033169.5,24807737.7,182643013.15,1495
1,0.5,DS Juv = 0.4,94315201,26035402.55,186137409.725,1518
1,0.5,DS Juv = 0.5,94233853,27321896.85,190963569.05,1490
1,0.5,DS Juv = 0.6,103764805,29855110.275,206118952.35,1475
1,0.5,DS Juv = 0.7,105428082.5,31532367.525,214457980.475,1526
1,0.5,DS Juv = 0.8,121264023.5,32040955.25,239403759.325,1551
1,0.5,DS Juv = 0.9,133276561.5,35722270.35,265087871.325,1528
1,0.5,DS Juv = 1,153217539,45869607.05,296490221.325,1515
1,0.6,DS Juv = 0,85610237,23310265.825,172007002.175,1535
1,0.6,DS Juv = 0.1,89824139,22187882.825,172637918.9,1453
1,0.6,DS Juv = 0.2,87663667.5,24215219.175,179109922.9,1567
1,0.6,DS Juv = 0.3,87149196.5,24460892.025,186002311.075,1476
1,0.6,DS Juv = 0.4,93819438,26567533.3,190657054.3,1463
1,0.6,DS Juv = 0.5,106088128,28080869.225,198205514.975,1441
1,0.6,DS Juv = 0.6,112687069,28928142.525,211394408.95,1523
1,0.6,DS Juv = 0.7,110952485,30783304.35,228846850.625,1544
1,0.6,DS Juv = 0.8,121900078.5,36305226.925,249379925.5,1478
1,0.6,DS Juv = 0.9,139827184,37823462.375,270118330.825,1480
1,0.6,DS Juv = 1,159819817,47533464.925,297983473.9,1474
1,0.7,DS Juv = 0,85904272.5,22310883.525,172250900.525,1547
1,0.7,DS Juv = 0.1,88844510.5,24758384.075,181540684.025,1508
1,0.7,DS Juv = 0.2,92012847.5,24381848.9,178558741.975,1542
1,0.7,DS Juv = 0.3,88462863,26673731.325,188050428.7,1495
1,0.7,DS Juv = 0.4,95805705.5,27107337.075,194660501.4,1554
1,0.7,DS Juv = 0.5,105148931,28724644.95,211082967.15,1555
1,0.7,DS Juv = 0.6,108763053.5,29984569.075,222409637.975,1531
1,0.7,DS Juv = 0.7,117125505.5,34541729.975,240221827.675,1504
1,0.7,DS Juv = 0.8,128153579.5,35271694.675,249728210.225,1579
1,0.7,DS Juv = 0.9,133936285.5,39386507.375,276911550.75,1436
1,0.7,DS Juv = 1,168832918.5,52946944.4,321737125.575,1461
1,0.8,DS Juv = 0,87970781.5,22742236.875,182401378.475,1491
1,0.8,DS Juv = 0.1,95318031,22188445.2,186839989.7,1496
1,0.8,DS Juv = 0.2,95380116.5,24526366.7,188201147.375,1557
1,0.8,DS Juv = 0.3,96157860,26733794.725,189269672.025,1497
1,0.8,DS Juv = 0.4,94435412,26281278.9,201846894.775,1439
1,0.8,DS Juv = 0.5,105352803.5,29329681.85,217780631.925,1530
1,0.8,DS Juv = 0.6,109495195.5,32990700.425,229158419.175,1520
1,0.8,DS Juv = 0.7,118943427.5,36667854.8,239879536.5,1500
1,0.8,DS Juv = 0.8,131127817.5,38168216.75,257336590.325,1489
1,0.8,DS Juv = 0.9,160175655,47958319.625,281029340.575,1454
1,0.8,DS Juv = 1,174884632,55266846.15,328954222.825,1488
1,0.9,DS Juv = 0,93263989.5,25687840.325,192678856.125,1458
1,0.9,DS Juv = 0.1,99530548.5,25680594.825,194070407.775,1575
1,0.9,DS Juv = 0.2,96280166.5,26763637.325,191787928.775,1525
1,0.9,DS Juv = 0.3,102122619,29269646.05,196089440.875,1463
1,0.9,DS Juv = 0.4,106928874,31650234.575,208478841.525,1511
1,0.9,DS Juv = 0.5,104402683.5,32232991.725,221681766.9,1435
1,0.9,DS Juv = 0.6,114922531.5,33128823.95,234308045.775,1473
1,0.9,DS Juv = 0.7,125299576,36504402.05,245810895.525,1495
1,0.9,DS Juv = 0.8,131652570,38553265.65,281398851.7,1463
1,0.9,DS Juv = 0.9,165693451,51566735.275,307471263.775,1533
1,0.9,DS Juv = 1,181647351,60527140.6,354241407.975,1494
1,1,DS Juv = 0,91926383,25589797.425,199625483.5,1462
1,1,DS Juv = 0.1,101709965.5,30088957.025,203049899.175,1544
1,1,DS Juv = 0.2,102141239.5,29567960.975,202588871.925,1479
1,1,DS Juv = 0.3,108576047,30730173.425,212230078.825,1555
1,1,DS Juv = 0.4,116322286,35372108.025,228403149.125,1502
1,1,DS Juv = 0.5,116963646,32882511.7,233498289.9,1458
1,1,DS Juv = 0.6,122599638.5,37910895.225,251726864.6,1532
1,1,DS Juv = 0.7,138652685,42825177.775,280740917.95,1541
1,1,DS Juv = 0.8,153230457,48339119.475,298111057.725,1505
1,1,DS Juv = 0.9,185762914,56791116.325,349632411.825,1506
1,1,DS Juv = 1,204760262.5,70119988.45,410295511.675,1478
